Features,Source,Target,Model,Seed,Site_ID,RMSE_kW,Skill
common,-,DKASC,Persistence_naive,0,DKASC_1,2.770020944055218,0.0
common,-,HKUST,Persistence_naive,0,Indoor Sports Centre,0.5073239793268204,0.0
common,-,HKUST,Persistence_naive,0,LSK North,0.8536228048734406,0.0
common,-,HKUST,Persistence_naive,0,LSK South,0.28405924998140797,0.0
common,-,HKUST,Persistence_naive,0,Library,1.7841222126020404,0.0
common,-,HKUST,Persistence_naive,0,S H Ho Sports Hall,0.41769132981186,0.0
common,-,HKUST,Persistence_naive,0,SQ Apartment1-12,0.26555413666520056,0.0
common,-,HKUST,Persistence_naive,0,SQ Apartment13-24,0.2921774067240655,0.0
common,-,HKUST,Persistence_naive,0,SQ Apartment25-36,0.2621531384515547,0.0
common,-,HKUST,Persistence_naive,0,SQ Apartment37-48,0.1708794106965494,0.0
common,-,HKUST,Persistence_naive,0,SQ Block P,0.4536116720279583,0.0
common,-,HKUST,Persistence_naive,0,SQ Block R,0.4530878104738639,0.0
common,-,HKUST,Persistence_naive,0,SQ Block S,0.388321460905781,0.0
common,-,HKUST,Persistence_naive,0,SQ1,0.37982209519721205,0.0
common,-,HKUST,Persistence_naive,0,SQ2,0.4475857437407943,0.0
common,-,HKUST,Persistence_naive,0,SQ3,0.42078806066712493,0.0
common,-,HKUST,Persistence_naive,0,SQ4,0.41321298805821677,0.0
common,-,HKUST,Persistence_naive,0,SQ567,0.5600368755716002,0.0
common,-,HKUST,Persistence_naive,0,Shaw Auditorium,1.1373290702342924,0.0
common,-,HKUST,Persistence_naive,0,UG Hall2 2F,0.1801773043421396,0.0
common,-,HKUST,Persistence_naive,0,UG Hall2 RF,0.0963752354082728,0.0
common,-,HKUST,Persistence_naive,0,UG Hall3,0.3702307145551271,0.0
common,-,HKUST,Persistence_naive,0,UG Hall4,0.3982707992057665,0.0
common,-,HKUST,Persistence_naive,0,UG Hall6,0.3299959802785482,0.0
common,-,HKUST,Persistence_naive,0,UG Hall7,0.28330929564700136,0.0
common,-,HKUST,Persistence_naive,0,UG Hall8,0.3553025203963518,0.0
common,-,HKUST,Persistence_naive,0,UG Hall9,0.3304772579164866,0.0
common,-,HKUST,Persistence_naive,0,Wong Check She Research Centre,1.483788161261573,0.0
common,-,HKUST,Persistence_naive,0,Zone A1,0.36915872060673305,0.0
common,-,HKUST,Persistence_naive,0,Zone A2,2.629034470675499,0.0
common,-,HKUST,Persistence_naive,0,Zone A4,0.7314918663252518,0.0
common,-,HKUST,Persistence_naive,0,Zone A5,0.21815719905609351,0.0
common,-,HKUST,Persistence_naive,0,Zone A6,0.7564912679601795,0.0
common,-,HKUST,Persistence_naive,0,Zone A7,0.13943031413577178,0.0
common,-,HKUST,Persistence_naive,0,Zone D,1.1737265752721115,0.0
common,-,HKUST,Persistence_naive,0,Zone J1,0.3300688678139761,0.0
common,-,HKUST,Persistence_naive,0,Zone J2,0.4395721806484118,0.0
common,-,HKUST,Persistence_naive,0,Zone L2,0.12922598422917891,0.0
common,-,PVDAQ,Persistence_naive,0,1199,1.2464804282517206,0.0
common,-,PVDAQ,Persistence_naive,0,1239,1.545123641888319,0.0
common,-,PVDAQ,Persistence_naive,0,1283,20.081248049567336,0.0
common,-,PVDAQ,Persistence_naive,0,1367,5.393455396062795,0.0
common,-,PVDAQ,Persistence_naive,0,1422,0.33967817519149823,0.0
common,-,PVDAQ,Persistence_naive,0,34,15.925121558688943,0.0
common,-,PVDAQ,Persistence_naive,0,4,0.05488654501937873,0.0
common,DKASC,DKASC,GBM,42,DKASC_1,2.3662982703125146,0.1457471556701182
common,DKASC,HKUST,GBM,42,Indoor Sports Centre,0.5007167948267657,0.013023599848014156
common,DKASC,HKUST,GBM,42,LSK North,0.8219478987285055,0.037106443225390695
common,DKASC,HKUST,GBM,42,LSK South,0.2834120234923706,0.002278491156615159
common,DKASC,HKUST,GBM,42,Library,1.6564398114981649,0.0715659500240502
common,DKASC,HKUST,GBM,42,S H Ho Sports Hall,0.4392968949232183,-0.05172615175203665
common,DKASC,HKUST,GBM,42,SQ Apartment1-12,0.26451479522593285,0.003913858967966477
common,DKASC,HKUST,GBM,42,SQ Apartment13-24,0.27857818120849653,0.0465444117258943
common,DKASC,HKUST,GBM,42,SQ Apartment25-36,0.24796117316749774,0.054136163953190986
common,DKASC,HKUST,GBM,42,SQ Apartment37-48,0.17139750496127054,-0.003031929140024703
common,DKASC,HKUST,GBM,42,SQ Block P,0.4410247207414359,0.027748296754027568
common,DKASC,HKUST,GBM,42,SQ Block R,0.44399300857226176,0.020072934409977372
common,DKASC,HKUST,GBM,42,SQ Block S,0.38558227675788787,0.007053908742266968
common,DKASC,HKUST,GBM,42,SQ1,0.36063927492047776,0.0505047508275529
common,DKASC,HKUST,GBM,42,SQ2,0.42367706122408644,0.053416988478868666
common,DKASC,HKUST,GBM,42,SQ3,0.3883139483812391,0.07717450973870499
common,DKASC,HKUST,GBM,42,SQ4,0.4008289647161722,0.029970072819443416
common,DKASC,HKUST,GBM,42,SQ567,0.5586607932692863,0.0024571280255597516
common,DKASC,HKUST,GBM,42,Shaw Auditorium,1.0804977154019408,0.04996913938078118
common,DKASC,HKUST,GBM,42,UG Hall2 2F,0.17808140362798125,0.011632434627717791
common,DKASC,HKUST,GBM,42,UG Hall2 RF,0.0954776180132832,0.009313776419710318
common,DKASC,HKUST,GBM,42,UG Hall3,0.3684440997061735,0.004825679714608344
common,DKASC,HKUST,GBM,42,UG Hall4,0.3759235261674647,0.056110749477156885
common,DKASC,HKUST,GBM,42,UG Hall6,0.3173915915423736,0.03819558264174994
common,DKASC,HKUST,GBM,42,UG Hall7,0.2869475729834075,-0.012842068341235802
common,DKASC,HKUST,GBM,42,UG Hall8,0.3230854260216003,0.09067510790188671
common,DKASC,HKUST,GBM,42,UG Hall9,0.32017996432231977,0.03115885691828446
common,DKASC,HKUST,GBM,42,Wong Check She Research Centre,1.4474581461874856,0.024484637377884422
common,DKASC,HKUST,GBM,42,Zone A1,0.3603746834789793,0.02379474366287948
common,DKASC,HKUST,GBM,42,Zone A2,2.612255971492062,0.006382000453240777
common,DKASC,HKUST,GBM,42,Zone A4,0.731537467488435,-6.233994564053269e-05
common,DKASC,HKUST,GBM,42,Zone A5,0.20937896660514313,0.040238105773870325
common,DKASC,HKUST,GBM,42,Zone A6,0.7497568523099897,0.0089021723520335
common,DKASC,HKUST,GBM,42,Zone A7,0.13358161456617568,0.04194711606186918
common,DKASC,HKUST,GBM,42,Zone D,1.1401962955395208,0.02856736861804221
common,DKASC,HKUST,GBM,42,Zone J1,0.31707704316905216,0.03936095134014883
common,DKASC,HKUST,GBM,42,Zone J2,0.46349345844703355,-0.054419453395197825
common,DKASC,HKUST,GBM,42,Zone L2,0.12604597782855317,0.024608103545074034
common,DKASC,PVDAQ,GBM,42,1199,2.3862062588416153,-0.9143551753864625
common,DKASC,PVDAQ,GBM,42,1239,1.3460057992642487,0.12886854956197902
common,DKASC,PVDAQ,GBM,42,1283,18.177431501733786,0.0948056885276396
common,DKASC,PVDAQ,GBM,42,1367,6.692425738387483,-0.24084195509856854
common,DKASC,PVDAQ,GBM,42,1422,0.3281599198757192,0.03390931816353959
common,DKASC,PVDAQ,GBM,42,34,13.436933716094432,0.1562429419094089
common,DKASC,PVDAQ,GBM,42,4,0.05362037000861046,0.023068950875323346
common,DKASC,DKASC,GBM,7,DKASC_1,2.4816448444663486,0.10410610800895126
common,DKASC,HKUST,GBM,7,Indoor Sports Centre,0.48326715503422885,0.0474190562104182
common,DKASC,HKUST,GBM,7,LSK North,0.8226404260753611,0.03629516294690949
common,DKASC,HKUST,GBM,7,LSK South,0.28587379286795317,-0.006387902828948411
common,DKASC,HKUST,GBM,7,Library,1.6876930390600102,0.05404852473721167
common,DKASC,HKUST,GBM,7,S H Ho Sports Hall,0.4380260674093886,-0.04868364781880419
common,DKASC,HKUST,GBM,7,SQ Apartment1-12,0.26789475383913747,-0.00881408666168837
common,DKASC,HKUST,GBM,7,SQ Apartment13-24,0.2809086809304987,0.03856809436401454
common,DKASC,HKUST,GBM,7,SQ Apartment25-36,0.250559820509281,0.044223456605369305
common,DKASC,HKUST,GBM,7,SQ Apartment37-48,0.16910602319360132,0.010378005727660788
common,DKASC,HKUST,GBM,7,SQ Block P,0.434972866441972,0.04108978391728324
common,DKASC,HKUST,GBM,7,SQ Block R,0.4504517145868076,0.005818068432031476
common,DKASC,HKUST,GBM,7,SQ Block S,0.3842436745509293,0.01050105844096294
common,DKASC,HKUST,GBM,7,SQ1,0.36645184712675566,0.035201343575113175
common,DKASC,HKUST,GBM,7,SQ2,0.42549868523831846,0.0493471001061796
common,DKASC,HKUST,GBM,7,SQ3,0.39501133090972884,0.06125822514196144
common,DKASC,HKUST,GBM,7,SQ4,0.3976998407079141,0.037542738971498846
common,DKASC,HKUST,GBM,7,SQ567,0.5493551034741098,0.01907333706657821
common,DKASC,HKUST,GBM,7,Shaw Auditorium,1.0752159923070896,0.054613110271073406
common,DKASC,HKUST,GBM,7,UG Hall2 2F,0.17760660030950365,0.014267635105442822
common,DKASC,HKUST,GBM,7,UG Hall2 RF,0.09579677510656116,0.006002167457865193
common,DKASC,HKUST,GBM,7,UG Hall3,0.3727491529249754,-0.006802348564933336
common,DKASC,HKUST,GBM,7,UG Hall4,0.3784852347265055,0.04967867219669997
common,DKASC,HKUST,GBM,7,UG Hall6,0.3162624599015243,0.041617235353689774
common,DKASC,HKUST,GBM,7,UG Hall7,0.2859001071232963,-0.009144816340664663
common,DKASC,HKUST,GBM,7,UG Hall8,0.31907387676639526,0.10196562520733676
common,DKASC,HKUST,GBM,7,UG Hall9,0.3150841066195548,0.04657854944082618
common,DKASC,HKUST,GBM,7,Wong Check She Research Centre,1.4500414503671186,0.022743617839464214
common,DKASC,HKUST,GBM,7,Zone A1,0.36022532450175976,0.024199336508401448
common,DKASC,HKUST,GBM,7,Zone A2,2.591174326397072,0.014400778955438787
common,DKASC,HKUST,GBM,7,Zone A4,0.7403662863753164,-0.012131946312194275
common,DKASC,HKUST,GBM,7,Zone A5,0.2074217379291697,0.04920974954470081
common,DKASC,HKUST,GBM,7,Zone A6,0.7526798075495629,0.005038340258564977
common,DKASC,HKUST,GBM,7,Zone A7,0.13422914502042202,0.03730300076843451
common,DKASC,HKUST,GBM,7,Zone D,1.1297195226718983,0.03749344483404138
common,DKASC,HKUST,GBM,7,Zone J1,0.31536409111160585,0.04455063211431909
common,DKASC,HKUST,GBM,7,Zone J2,0.4580072170028616,-0.04193858748580581
common,DKASC,HKUST,GBM,7,Zone L2,0.12601544390052496,0.024844386736959545
common,DKASC,PVDAQ,GBM,7,1199,2.28942661711065,-0.8367128478075962
common,DKASC,PVDAQ,GBM,7,1239,1.3298429582113982,0.13932909822920259
common,DKASC,PVDAQ,GBM,7,1283,18.43952494506752,0.08175403742075615
common,DKASC,PVDAQ,GBM,7,1367,6.494455534897552,-0.20413632040759677
common,DKASC,PVDAQ,GBM,7,1422,0.32996838399233025,0.028585266609177817
common,DKASC,PVDAQ,GBM,7,34,13.514048237286703,0.15140062275296906
common,DKASC,PVDAQ,GBM,7,4,0.054828594228787074,0.0010558287203392691
common,DKASC,DKASC,GBM,123,DKASC_1,2.3906286845634095,0.13696367903139062
common,DKASC,HKUST,GBM,123,Indoor Sports Centre,0.4991157373154249,0.016179487558004246
common,DKASC,HKUST,GBM,123,LSK North,0.8256060603562543,0.03282098879884077
common,DKASC,HKUST,GBM,123,LSK South,0.2852803433391148,-0.0042987276696209165
common,DKASC,HKUST,GBM,123,Library,1.6512053049780218,0.07449988946114117
common,DKASC,HKUST,GBM,123,S H Ho Sports Hall,0.45459650288351783,-0.08835513317521082
common,DKASC,HKUST,GBM,123,SQ Apartment1-12,0.2667512055358908,-0.004507814812162003
common,DKASC,HKUST,GBM,123,SQ Apartment13-24,0.2829868480226613,0.0314554051404935
common,DKASC,HKUST,GBM,123,SQ Apartment25-36,0.24779381298206324,0.05477457013983078
common,DKASC,HKUST,GBM,123,SQ Apartment37-48,0.1698624920883613,0.0059510891572184255
common,DKASC,HKUST,GBM,123,SQ Block P,0.4485479555768931,0.011163108807202726
common,DKASC,HKUST,GBM,123,SQ Block R,0.4459460088812287,0.015762510991337186
common,DKASC,HKUST,GBM,123,SQ Block S,0.3865542401485081,0.004550922200258434
common,DKASC,HKUST,GBM,123,SQ1,0.36539672622029556,0.03797927808656454
common,DKASC,HKUST,GBM,123,SQ2,0.4269855760687497,0.046025075552840966
common,DKASC,HKUST,GBM,123,SQ3,0.3974363638408395,0.05549515066863642
common,DKASC,HKUST,GBM,123,SQ4,0.402311666760093,0.026381845714365304
common,DKASC,HKUST,GBM,123,SQ567,0.5628641664191513,-0.005048401222982779
common,DKASC,HKUST,GBM,123,Shaw Auditorium,1.0792410912006918,0.05107402998292687
common,DKASC,HKUST,GBM,123,UG Hall2 2F,0.17964518792241807,0.002953293266676371
common,DKASC,HKUST,GBM,123,UG Hall2 RF,0.09578432948592695,0.006131304580918484
common,DKASC,HKUST,GBM,123,UG Hall3,0.3720629619419595,-0.004948934042476649
common,DKASC,HKUST,GBM,123,UG Hall4,0.3802535152603136,0.04523877718723812
common,DKASC,HKUST,GBM,123,UG Hall6,0.3213336137950648,0.026249915154031633
common,DKASC,HKUST,GBM,123,UG Hall7,0.2841963449993948,-0.0031310280531657853
common,DKASC,HKUST,GBM,123,UG Hall8,0.32234051965271615,0.09277164909178082
common,DKASC,HKUST,GBM,123,UG Hall9,0.31441790706503486,0.0485944205440908
common,DKASC,HKUST,GBM,123,Wong Check She Research Centre,1.4663872213366866,0.011727374822893544
common,DKASC,HKUST,GBM,123,Zone A1,0.3699462002247032,-0.0021331735484289016
common,DKASC,HKUST,GBM,123,Zone A2,2.5956260047123867,0.012707503966096101
common,DKASC,HKUST,GBM,123,Zone A4,0.7249288080066126,0.008972154880695471
common,DKASC,HKUST,GBM,123,Zone A5,0.20924778990261822,0.0408394001757626
common,DKASC,HKUST,GBM,123,Zone A6,0.7528449126708717,0.004820089066116973
common,DKASC,HKUST,GBM,123,Zone A7,0.13535882709039007,0.029200874075468675
common,DKASC,HKUST,GBM,123,Zone D,1.1309356599135651,0.036457311489795585
common,DKASC,HKUST,GBM,123,Zone J1,0.32195535893490007,0.024581260670875293
common,DKASC,HKUST,GBM,123,Zone J2,0.46581611614425994,-0.05970335851812947
common,DKASC,HKUST,GBM,123,Zone L2,0.12730449388221995,0.014869225863671898
common,DKASC,PVDAQ,GBM,123,1199,2.4739384702304803,-0.9847391215763883
common,DKASC,PVDAQ,GBM,123,1239,1.3411525575532368,0.13200955496726852
common,DKASC,PVDAQ,GBM,123,1283,19.0045600744653,0.05361658660081314
common,DKASC,PVDAQ,GBM,123,1367,6.641884786688035,-0.23147116253832167
common,DKASC,PVDAQ,GBM,123,1422,0.34764592541249584,-0.023456762320704483
common,DKASC,PVDAQ,GBM,123,34,13.536464714234436,0.14999300543180005
common,DKASC,PVDAQ,GBM,123,4,0.05484416687219868,0.0007721044777929675
common,HKUST,DKASC,GBM,42,DKASC_1,2.61739366380223,0.055099684563953866
common,HKUST,HKUST,GBM,42,Indoor Sports Centre,0.4746545351282579,0.06439562395988518
common,HKUST,HKUST,GBM,42,LSK North,0.7997961231996117,0.06305675219373885
common,HKUST,HKUST,GBM,42,LSK South,0.2714163646652637,0.044507916277930604
common,HKUST,HKUST,GBM,42,Library,1.6927429399797456,0.05121805668739665
common,HKUST,HKUST,GBM,42,S H Ho Sports Hall,0.44013905133607195,-0.05374236887876749
common,HKUST,HKUST,GBM,42,SQ Apartment1-12,0.2485542058657564,0.06401681786217828
common,HKUST,HKUST,GBM,42,SQ Apartment13-24,0.27167136167281936,0.07018354116138836
common,HKUST,HKUST,GBM,42,SQ Apartment25-36,0.244152516760552,0.06866452866948669
common,HKUST,HKUST,GBM,42,SQ Apartment37-48,0.16873371333395476,0.012556792850866194
common,HKUST,HKUST,GBM,42,SQ Block P,0.4374722638946299,0.03557979022271207
common,HKUST,HKUST,GBM,42,SQ Block R,0.4350289033250623,0.03985741114931918
common,HKUST,HKUST,GBM,42,SQ Block S,0.3663251446618941,0.056644606230568106
common,HKUST,HKUST,GBM,42,SQ1,0.3519961516582709,0.073260465599015
common,HKUST,HKUST,GBM,42,SQ2,0.395136988853223,0.11718146884934155
common,HKUST,HKUST,GBM,42,SQ3,0.38778122201607984,0.07844053036750964
common,HKUST,HKUST,GBM,42,SQ4,0.3888907991970505,0.058861143197511456
common,HKUST,HKUST,GBM,42,SQ567,0.5437282479744335,0.02912063170933399
common,HKUST,HKUST,GBM,42,Shaw Auditorium,1.060383383319503,0.06765472626048175
common,HKUST,HKUST,GBM,42,UG Hall2 2F,0.17196531305171564,0.0455772791162985
common,HKUST,HKUST,GBM,42,UG Hall2 RF,0.09150838366965959,0.05049898677804354
common,HKUST,HKUST,GBM,42,UG Hall3,0.35483493139045175,0.041584294763807206
common,HKUST,HKUST,GBM,42,UG Hall4,0.3669672545281261,0.07859864378725756
common,HKUST,HKUST,GBM,42,UG Hall6,0.3104860067160585,0.05912185216929433
common,HKUST,HKUST,GBM,42,UG Hall7,0.2844445362650427,-0.004007071548601138
common,HKUST,HKUST,GBM,42,UG Hall8,0.3165099062189455,0.10918192793603565
common,HKUST,HKUST,GBM,42,UG Hall9,0.3112886967507776,0.05806318197713334
common,HKUST,HKUST,GBM,42,Wong Check She Research Centre,1.4131518946166615,0.047605358021494126
common,HKUST,HKUST,GBM,42,Zone A1,0.34967931544788544,0.05276701882277657
common,HKUST,HKUST,GBM,42,Zone A2,2.563012298887456,0.02511270678435762
common,HKUST,HKUST,GBM,42,Zone A4,0.6965616238203782,0.04775205865288745
common,HKUST,HKUST,GBM,42,Zone A5,0.20426221272648382,0.06369254092796162
common,HKUST,HKUST,GBM,42,Zone A6,0.7141782156637692,0.05593329901943778
common,HKUST,HKUST,GBM,42,Zone A7,0.12961183488880582,0.07041854067261955
common,HKUST,HKUST,GBM,42,Zone D,1.0858746887813062,0.07484868140643242
common,HKUST,HKUST,GBM,42,Zone J1,0.30602971771408344,0.07283071032752142
common,HKUST,HKUST,GBM,42,Zone J2,0.43026185115996923,0.021180433836165302
common,HKUST,HKUST,GBM,42,Zone L2,0.12106541337105843,0.06314961272531627
common,HKUST,PVDAQ,GBM,42,1199,1.5596949458773062,-0.2512791300420911
common,HKUST,PVDAQ,GBM,42,1239,1.3768170008386749,0.10892762008608836
common,HKUST,PVDAQ,GBM,42,1283,18.013529314935788,0.1029676407326734
common,HKUST,PVDAQ,GBM,42,1367,6.168708199304889,-0.14373954103857534
common,HKUST,PVDAQ,GBM,42,1422,0.30616907711979696,0.09864954689187799
common,HKUST,PVDAQ,GBM,42,34,14.245800783209475,0.10545104910443903
common,HKUST,PVDAQ,GBM,42,4,0.04949423564960874,0.09824464935561406
common,HKUST,DKASC,GBM,7,DKASC_1,2.598342576452858,0.061977281424821506
common,HKUST,HKUST,GBM,7,Indoor Sports Centre,0.4556803725769316,0.10179610831409125
common,HKUST,HKUST,GBM,7,LSK North,0.7968021243053584,0.06656415485116585
common,HKUST,HKUST,GBM,7,LSK South,0.2637962313734682,0.07133377494049575
common,HKUST,HKUST,GBM,7,Library,1.6558990044566668,0.07186907221919925
common,HKUST,HKUST,GBM,7,S H Ho Sports Hall,0.44747988968513835,-0.071317161135942
common,HKUST,HKUST,GBM,7,SQ Apartment1-12,0.2507303200644862,0.055822201781038694
common,HKUST,HKUST,GBM,7,SQ Apartment13-24,0.2666261645482227,0.08745112246127096
common,HKUST,HKUST,GBM,7,SQ Apartment25-36,0.24460574096478457,0.06693567580543325
common,HKUST,HKUST,GBM,7,SQ Apartment37-48,0.16293259815352173,0.04650538359556822
common,HKUST,HKUST,GBM,7,SQ Block P,0.4303726893077967,0.05123100694536198
common,HKUST,HKUST,GBM,7,SQ Block R,0.43341089907975083,0.04342847222822843
common,HKUST,HKUST,GBM,7,SQ Block S,0.3599418147891485,0.07308286812280584
common,HKUST,HKUST,GBM,7,SQ1,0.3594735704535179,0.05357383101456681
common,HKUST,HKUST,GBM,7,SQ2,0.39996021087501654,0.10640538384385767
common,HKUST,HKUST,GBM,7,SQ3,0.3966404743282956,0.05738657674969516
common,HKUST,HKUST,GBM,7,SQ4,0.3839432300159061,0.07083455478942235
common,HKUST,HKUST,GBM,7,SQ567,0.542698532615864,0.030959288061236823
common,HKUST,HKUST,GBM,7,Shaw Auditorium,1.0570080738709102,0.07062247722801618
common,HKUST,HKUST,GBM,7,UG Hall2 2F,0.1719504623352812,0.0456597019080518
common,HKUST,HKUST,GBM,7,UG Hall2 RF,0.08853243229492874,0.08137778424218334
common,HKUST,HKUST,GBM,7,UG Hall3,0.355503873711577,0.03977746919578529
common,HKUST,HKUST,GBM,7,UG Hall4,0.35722895581701325,0.10305009423387079
common,HKUST,HKUST,GBM,7,UG Hall6,0.3016380022960705,0.08593431337721402
common,HKUST,HKUST,GBM,7,UG Hall7,0.28345638539646834,-0.000519184339260903
common,HKUST,HKUST,GBM,7,UG Hall8,0.311748468682649,0.12258300803809896
common,HKUST,HKUST,GBM,7,UG Hall9,0.3021296221677309,0.08577787145619342
common,HKUST,HKUST,GBM,7,Wong Check She Research Centre,1.417073579081654,0.04496233621597023
common,HKUST,HKUST,GBM,7,Zone A1,0.35249183684342594,0.04514828672044957
common,HKUST,HKUST,GBM,7,Zone A2,2.5012448316170524,0.04860706106512647
common,HKUST,HKUST,GBM,7,Zone A4,0.6933343775274975,0.05216392765847633
common,HKUST,HKUST,GBM,7,Zone A5,0.2051076805867516,0.05981704259957321
common,HKUST,HKUST,GBM,7,Zone A6,0.7059672977069117,0.06678724843645822
common,HKUST,HKUST,GBM,7,Zone A7,0.12744071162028733,0.08598992686633011
common,HKUST,HKUST,GBM,7,Zone D,1.1314413050513408,0.03602650831260901
common,HKUST,HKUST,GBM,7,Zone J1,0.30194486641228657,0.08520646490519657
common,HKUST,HKUST,GBM,7,Zone J2,0.4362742660296455,0.007502555357123741
common,HKUST,HKUST,GBM,7,Zone L2,0.11771617743814516,0.08906727899724409
common,HKUST,PVDAQ,GBM,7,1199,1.608853423771471,-0.29071695576320034
common,HKUST,PVDAQ,GBM,7,1239,1.3759007299676733,0.10952062820929709
common,HKUST,PVDAQ,GBM,7,1283,17.846940717803637,0.111263369998153
common,HKUST,PVDAQ,GBM,7,1367,5.9673044765347605,-0.10639729789753583
common,HKUST,PVDAQ,GBM,7,1422,0.31216189970663233,0.08100689857201815
common,HKUST,PVDAQ,GBM,7,34,14.109262060583177,0.11402484379248023
common,HKUST,PVDAQ,GBM,7,4,0.051336229145100006,0.06468463032288185
common,HKUST,DKASC,GBM,123,DKASC_1,2.579975522645008,0.06860793663602782
common,HKUST,HKUST,GBM,123,Indoor Sports Centre,0.48157036669415154,0.05076364154290891
common,HKUST,HKUST,GBM,123,LSK North,0.8157547173421292,0.04436161653029602
common,HKUST,HKUST,GBM,123,LSK South,0.26659876484473105,0.06146775765203816
common,HKUST,HKUST,GBM,123,Library,1.6303312454424872,0.08619979397894373
common,HKUST,HKUST,GBM,123,S H Ho Sports Hall,0.42849509098872157,-0.02586541880514459
common,HKUST,HKUST,GBM,123,SQ Apartment1-12,0.2495857415088892,0.060132353262655536
common,HKUST,HKUST,GBM,123,SQ Apartment13-24,0.2653081880435944,0.09196200001133759
common,HKUST,HKUST,GBM,123,SQ Apartment25-36,0.2441174979999776,0.06879810998299396
common,HKUST,HKUST,GBM,123,SQ Apartment37-48,0.16899941028033058,0.011001913036541078
common,HKUST,HKUST,GBM,123,SQ Block P,0.4301584333788424,0.05170334031367341
common,HKUST,HKUST,GBM,123,SQ Block R,0.4292889973126023,0.05252582967608754
common,HKUST,HKUST,GBM,123,SQ Block S,0.36223464195237687,0.06717841165037652
common,HKUST,HKUST,GBM,123,SQ1,0.3530931887087058,0.07037217377948479
common,HKUST,HKUST,GBM,123,SQ2,0.4005678831069107,0.10504771720591832
common,HKUST,HKUST,GBM,123,SQ3,0.3929683915813253,0.06611325673474155
common,HKUST,HKUST,GBM,123,SQ4,0.38232871265695084,0.0747417827943847
common,HKUST,HKUST,GBM,123,SQ567,0.5433548343158644,0.029787397907877655
common,HKUST,HKUST,GBM,123,Shaw Auditorium,1.0725521821694404,0.05695527333308015
common,HKUST,HKUST,GBM,123,UG Hall2 2F,0.16747201299647382,0.07051549245924804
common,HKUST,HKUST,GBM,123,UG Hall2 RF,0.09068054269110656,0.059088755457165965
common,HKUST,HKUST,GBM,123,UG Hall3,0.35577804215749825,0.03903693515810902
common,HKUST,HKUST,GBM,123,UG Hall4,0.36849145315119014,0.07477160292434815
common,HKUST,HKUST,GBM,123,UG Hall6,0.30790888547518475,0.06693140560294053
common,HKUST,HKUST,GBM,123,UG Hall7,0.2773508543323918,0.021031577170816385
common,HKUST,HKUST,GBM,123,UG Hall8,0.3149511740963465,0.11356898412933303
common,HKUST,HKUST,GBM,123,UG Hall9,0.317801848929323,0.038354860080467956
common,HKUST,HKUST,GBM,123,Wong Check She Research Centre,1.3940622683386548,0.06047082411456228
common,HKUST,HKUST,GBM,123,Zone A1,0.3463371588270965,0.06182045961728344
common,HKUST,HKUST,GBM,123,Zone A2,2.626950905083006,0.0007925212148158778
common,HKUST,HKUST,GBM,123,Zone A4,0.6931232943592414,0.052452492956292285
common,HKUST,HKUST,GBM,123,Zone A5,0.20493576259797777,0.060605088969427956
common,HKUST,HKUST,GBM,123,Zone A6,0.7132384125156509,0.05717561758664658
common,HKUST,HKUST,GBM,123,Zone A7,0.12883635175687705,0.07598033788103464
common,HKUST,HKUST,GBM,123,Zone D,1.0986568545412791,0.06395843999138262
common,HKUST,HKUST,GBM,123,Zone J1,0.3082527931063746,0.06609552379807249
common,HKUST,HKUST,GBM,123,Zone J2,0.43165255615506315,0.01801666447969119
common,HKUST,HKUST,GBM,123,Zone L2,0.11718103135885681,0.09320844365913816
common,HKUST,PVDAQ,GBM,123,1199,1.5694803901157446,-0.25912958963748434
common,HKUST,PVDAQ,GBM,123,1239,1.3181581226980796,0.14689149336480367
common,HKUST,PVDAQ,GBM,123,1283,18.076883274381345,0.09981275915911891
common,HKUST,PVDAQ,GBM,123,1367,6.034746804304163,-0.11890177282443237
common,HKUST,PVDAQ,GBM,123,1422,0.3091588192654864,0.08984785645650073
common,HKUST,PVDAQ,GBM,123,34,13.802560516594653,0.13328382042623688
common,HKUST,PVDAQ,GBM,123,4,0.05067043610790609,0.07681498097546602
common,PVDAQ,DKASC,GBM,42,DKASC_1,2.685962335714685,0.030345838547153448
common,PVDAQ,HKUST,GBM,42,Indoor Sports Centre,0.4570701350465606,0.09905670996853488
common,PVDAQ,HKUST,GBM,42,LSK North,0.7839478203522551,0.08162268407474849
common,PVDAQ,HKUST,GBM,42,LSK South,0.2705263644990676,0.04764106602135343
common,PVDAQ,HKUST,GBM,42,Library,1.5849251040932306,0.11164992347597769
common,PVDAQ,HKUST,GBM,42,S H Ho Sports Hall,0.4157007340360286,0.004765710068073581
common,PVDAQ,HKUST,GBM,42,SQ Apartment1-12,0.24521557120262188,0.07658914945927087
common,PVDAQ,HKUST,GBM,42,SQ Apartment13-24,0.2616120458928094,0.10461233527246083
common,PVDAQ,HKUST,GBM,42,SQ Apartment25-36,0.23904874243864488,0.08813320393331647
common,PVDAQ,HKUST,GBM,42,SQ Apartment37-48,0.16231632934719986,0.05011183801748953
common,PVDAQ,HKUST,GBM,42,SQ Block P,0.4281982737622675,0.05602456866260819
common,PVDAQ,HKUST,GBM,42,SQ Block R,0.4253723617598998,0.061170148640674715
common,PVDAQ,HKUST,GBM,42,SQ Block S,0.3608176347001035,0.07082746892619163
common,PVDAQ,HKUST,GBM,42,SQ1,0.34599823453955997,0.08905185107804214
common,PVDAQ,HKUST,GBM,42,SQ2,0.4014281327803462,0.10312573982959305
common,PVDAQ,HKUST,GBM,42,SQ3,0.3888767762808213,0.07583695301551785
common,PVDAQ,HKUST,GBM,42,SQ4,0.37693912294268556,0.08778491035819203
common,PVDAQ,HKUST,GBM,42,SQ567,0.5373880024234843,0.040441753277405845
common,PVDAQ,HKUST,GBM,42,Shaw Auditorium,1.04423838415964,0.08185026524950723
common,PVDAQ,HKUST,GBM,42,UG Hall2 2F,0.17140593427275364,0.048681880891779605
common,PVDAQ,HKUST,GBM,42,UG Hall2 RF,0.09013971007320958,0.06470049394585409
common,PVDAQ,HKUST,GBM,42,UG Hall3,0.3522827856678346,0.0484776875113101
common,PVDAQ,HKUST,GBM,42,UG Hall4,0.3690661614153875,0.07332859413398884
common,PVDAQ,HKUST,GBM,42,UG Hall6,0.30306200377898496,0.0816191048049385
common,PVDAQ,HKUST,GBM,42,UG Hall7,0.2725471345576719,0.03798732076457867
common,PVDAQ,HKUST,GBM,42,UG Hall8,0.3123702378426644,0.12083303688866331
common,PVDAQ,HKUST,GBM,42,UG Hall9,0.3122682150087392,0.055099231404143745
common,PVDAQ,HKUST,GBM,42,Wong Check She Research Centre,1.3704400073401262,0.0763910623367382
common,PVDAQ,HKUST,GBM,42,Zone A1,0.3438257333824025,0.06862356436465689
common,PVDAQ,HKUST,GBM,42,Zone A2,2.4743467064861817,0.05883824115458325
common,PVDAQ,HKUST,GBM,42,Zone A4,0.6770745200003451,0.07439227806903659
common,PVDAQ,HKUST,GBM,42,Zone A5,0.1993084342843171,0.08639992103551863
common,PVDAQ,HKUST,GBM,42,Zone A6,0.709237108701057,0.062464910383618344
common,PVDAQ,HKUST,GBM,42,Zone A7,0.1258250827750551,0.09757728400058274
common,PVDAQ,HKUST,GBM,42,Zone D,1.0906698616438433,0.07076325558106478
common,PVDAQ,HKUST,GBM,42,Zone J1,0.3036113334652911,0.08015761839009972
common,PVDAQ,HKUST,GBM,42,Zone J2,0.4349638679793382,0.010483631294127549
common,PVDAQ,HKUST,GBM,42,Zone L2,0.1145916020641632,0.11324643609648977
common,PVDAQ,PVDAQ,GBM,42,1199,1.6129724466543847,-0.29402147847334903
common,PVDAQ,PVDAQ,GBM,42,1239,1.3731695741983916,0.11128822511561576
common,PVDAQ,PVDAQ,GBM,42,1283,17.702979936284805,0.11843228605175127
common,PVDAQ,PVDAQ,GBM,42,1367,5.653157612212112,-0.04815136069149628
common,PVDAQ,PVDAQ,GBM,42,1422,0.30767872846530925,0.09420518909744158
common,PVDAQ,PVDAQ,GBM,42,34,14.263042642861953,0.10436836602481947
common,PVDAQ,PVDAQ,GBM,42,4,0.048094222605481976,0.12375204909506687
common,PVDAQ,DKASC,GBM,7,DKASC_1,2.72227438698477,0.017236893884473248
common,PVDAQ,HKUST,GBM,7,Indoor Sports Centre,0.46913856945847077,0.07526829289445114
common,PVDAQ,HKUST,GBM,7,LSK North,0.7882648765955615,0.07656534936126624
common,PVDAQ,HKUST,GBM,7,LSK South,0.27992997114779544,0.01453668146304965
common,PVDAQ,HKUST,GBM,7,Library,1.6026792332613762,0.1016987390544507
common,PVDAQ,HKUST,GBM,7,S H Ho Sports Hall,0.4389186173260137,-0.05082051265874998
common,PVDAQ,HKUST,GBM,7,SQ Apartment1-12,0.2508233686787962,0.055471807637387016
common,PVDAQ,HKUST,GBM,7,SQ Apartment13-24,0.2644407419054494,0.09493090218577649
common,PVDAQ,HKUST,GBM,7,SQ Apartment25-36,0.23713408216472212,0.09543679863842647
common,PVDAQ,HKUST,GBM,7,SQ Apartment37-48,0.16200582170552294,0.05192895361035821
common,PVDAQ,HKUST,GBM,7,SQ Block P,0.4246754158582767,0.06379081040908086
common,PVDAQ,HKUST,GBM,7,SQ Block R,0.42559042172905626,0.060688873346756655
common,PVDAQ,HKUST,GBM,7,SQ Block S,0.35789571286065486,0.07835196121830723
common,PVDAQ,HKUST,GBM,7,SQ1,0.3482435896795418,0.08314025412680115
common,PVDAQ,HKUST,GBM,7,SQ2,0.40363334478181273,0.09819883580660971
common,PVDAQ,HKUST,GBM,7,SQ3,0.3898041329077394,0.07363309622013292
common,PVDAQ,HKUST,GBM,7,SQ4,0.3849463790869603,0.06840687439203641
common,PVDAQ,HKUST,GBM,7,SQ567,0.5347487656760704,0.04515436571872078
common,PVDAQ,HKUST,GBM,7,Shaw Auditorium,1.0376669900485826,0.0876281832532243
common,PVDAQ,HKUST,GBM,7,UG Hall2 2F,0.17257054280002598,0.042218200399252837
common,PVDAQ,HKUST,GBM,7,UG Hall2 RF,0.0914447851387614,0.05115889210153002
common,PVDAQ,HKUST,GBM,7,UG Hall3,0.3450727931337399,0.06795201055000866
common,PVDAQ,HKUST,GBM,7,UG Hall4,0.3640522718779164,0.08591774088406401
common,PVDAQ,HKUST,GBM,7,UG Hall6,0.30183658089774823,0.08533255270876561
common,PVDAQ,HKUST,GBM,7,UG Hall7,0.2745893041427932,0.030779051863773388
common,PVDAQ,HKUST,GBM,7,UG Hall8,0.3072965300646074,0.13511300251456737
common,PVDAQ,HKUST,GBM,7,UG Hall9,0.3041501308174713,0.07966396013146637
common,PVDAQ,HKUST,GBM,7,Wong Check She Research Centre,1.3668215411545706,0.07882972998487403
common,PVDAQ,HKUST,GBM,7,Zone A1,0.34839886148400667,0.056235591803456164
common,PVDAQ,HKUST,GBM,7,Zone A2,2.473983343070295,0.05897645288970499
common,PVDAQ,HKUST,GBM,7,Zone A4,0.6748111332021894,0.07748648444692308
common,PVDAQ,HKUST,GBM,7,Zone A5,0.2021381384213803,0.07342898013003152
common,PVDAQ,HKUST,GBM,7,Zone A6,0.700281759578839,0.07430291764359043
common,PVDAQ,HKUST,GBM,7,Zone A7,0.12782735687674485,0.08321689103940788
common,PVDAQ,HKUST,GBM,7,Zone D,1.067765668532569,0.0902773345785215
common,PVDAQ,HKUST,GBM,7,Zone J1,0.3037037923130706,0.07987749852180737
common,PVDAQ,HKUST,GBM,7,Zone J2,0.44675291649838955,-0.016335737715215348
common,PVDAQ,HKUST,GBM,7,Zone L2,0.11709176076699256,0.0938992535794243
common,PVDAQ,PVDAQ,GBM,7,1199,1.6170229244974672,-0.2972710103161904
common,PVDAQ,PVDAQ,GBM,7,1239,1.3493031993670783,0.12673448079658245
common,PVDAQ,PVDAQ,GBM,7,1283,17.65857451306373,0.12064357407087578
common,PVDAQ,PVDAQ,GBM,7,1367,5.795180241292569,-0.07448376147191871
common,PVDAQ,PVDAQ,GBM,7,1422,0.30590977133917885,0.0994129335312226
common,PVDAQ,PVDAQ,GBM,7,34,13.96266258889514,0.12323039184106321
common,PVDAQ,PVDAQ,GBM,7,4,0.047146658532886195,0.14101609936934134
common,PVDAQ,DKASC,GBM,123,DKASC_1,2.691724595511527,0.028265616081973755
common,PVDAQ,HKUST,GBM,123,Indoor Sports Centre,0.45660917730322337,0.09996531622828397
common,PVDAQ,HKUST,GBM,123,LSK North,0.7666198456093287,0.10192201844585325
common,PVDAQ,HKUST,GBM,123,LSK South,0.2657170842645672,0.06457161918874776
common,PVDAQ,HKUST,GBM,123,Library,1.622729356072914,0.09046065083946475
common,PVDAQ,HKUST,GBM,123,S H Ho Sports Hall,0.42199319671472263,-0.010299152976913195
common,PVDAQ,HKUST,GBM,123,SQ Apartment1-12,0.25063017663463233,0.0561993129460594
common,PVDAQ,HKUST,GBM,123,SQ Apartment13-24,0.2621189477892789,0.10287742393159793
common,PVDAQ,HKUST,GBM,123,SQ Apartment25-36,0.23446631942078658,0.10561315113106906
common,PVDAQ,HKUST,GBM,123,SQ Apartment37-48,0.1602638812559651,0.06212292866245628
common,PVDAQ,HKUST,GBM,123,SQ Block P,0.4194914725588442,0.07521896276736706
common,PVDAQ,HKUST,GBM,123,SQ Block R,0.42527013724773327,0.061395766081275394
common,PVDAQ,HKUST,GBM,123,SQ Block S,0.352063692096122,0.09337049959867216
common,PVDAQ,HKUST,GBM,123,SQ1,0.34929863043495407,0.0803625306379544
common,PVDAQ,HKUST,GBM,123,SQ2,0.3969426835711012,0.11314716985048012
common,PVDAQ,HKUST,GBM,123,SQ3,0.3912899151642888,0.07010214466653175
common,PVDAQ,HKUST,GBM,123,SQ4,0.3814806141661909,0.07679423156843068
common,PVDAQ,HKUST,GBM,123,SQ567,0.5321177016700326,0.04985238493995947
common,PVDAQ,HKUST,GBM,123,Shaw Auditorium,1.038241424617582,0.08712310993360806
common,PVDAQ,HKUST,GBM,123,UG Hall2 2F,0.17429721096778847,0.03263503911228127
common,PVDAQ,HKUST,GBM,123,UG Hall2 RF,0.09146000608778937,0.0510009578670404
common,PVDAQ,HKUST,GBM,123,UG Hall3,0.3478459567474719,0.06046164439531443
common,PVDAQ,HKUST,GBM,123,UG Hall4,0.3643784383516636,0.08509878434896867
common,PVDAQ,HKUST,GBM,123,UG Hall6,0.3040231751198524,0.07870642889883772
common,PVDAQ,HKUST,GBM,123,UG Hall7,0.26553798189846345,0.06272760555898127
common,PVDAQ,HKUST,GBM,123,UG Hall8,0.31234973699045665,0.12089073659815275
common,PVDAQ,HKUST,GBM,123,UG Hall9,0.3075434735883262,0.0693959532124776
common,PVDAQ,HKUST,GBM,123,Wong Check She Research Centre,1.3818045664715746,0.06873191029054182
common,PVDAQ,HKUST,GBM,123,Zone A1,0.34294764765325264,0.07100217735721115
common,PVDAQ,HKUST,GBM,123,Zone A2,2.4863044684091706,0.05428989382161109
common,PVDAQ,HKUST,GBM,123,Zone A4,0.6778105393980904,0.07338608862028329
common,PVDAQ,HKUST,GBM,123,Zone A5,0.2000838303275594,0.0828456214451444
common,PVDAQ,HKUST,GBM,123,Zone A6,0.689280896717143,0.08884487381363182
common,PVDAQ,HKUST,GBM,123,Zone A7,0.12519949157865093,0.10206405002619034
common,PVDAQ,HKUST,GBM,123,Zone D,1.0814356558462954,0.07863068057773148
common,PVDAQ,HKUST,GBM,123,Zone J1,0.3041092642277037,0.07864905211509687
common,PVDAQ,HKUST,GBM,123,Zone J2,0.4373783890581995,0.004990742560132544
common,PVDAQ,HKUST,GBM,123,Zone L2,0.11308461476135992,0.12490807916148428
common,PVDAQ,PVDAQ,GBM,123,1199,1.6632431057972186,-0.33435156148423273
common,PVDAQ,PVDAQ,GBM,123,1239,1.3643890505654046,0.11697095716044825
common,PVDAQ,PVDAQ,GBM,123,1283,17.630972802712478,0.12201807580917012
common,PVDAQ,PVDAQ,GBM,123,1367,5.866227069025249,-0.0876565463594221
common,PVDAQ,PVDAQ,GBM,123,1422,0.3107656026502149,0.08511754552668405
common,PVDAQ,PVDAQ,GBM,123,34,14.327879443098372,0.10029701247203959
common,PVDAQ,PVDAQ,GBM,123,4,0.047335854608680415,0.13756906010448278
common_cc,-,DKASC,Persistence_naive,0,DKASC_1,2.564666519326238,0.0
common_cc,-,HKUST,Persistence_naive,0,Indoor Sports Centre,0.493178890971623,0.0
common_cc,-,HKUST,Persistence_naive,0,LSK North,0.7539692851834218,0.0
common_cc,-,HKUST,Persistence_naive,0,LSK South,0.35108081405852987,0.0
common_cc,-,HKUST,Persistence_naive,0,Library,1.7386332206650141,0.0
common_cc,-,HKUST,Persistence_naive,0,S H Ho Sports Hall,0.4939214821203872,0.0
common_cc,-,HKUST,Persistence_naive,0,SQ Apartment1-12,0.28204932901887925,0.0
common_cc,-,HKUST,Persistence_naive,0,SQ Apartment13-24,0.26707474515573354,0.0
common_cc,-,HKUST,Persistence_naive,0,SQ Apartment25-36,0.26677064399967254,0.0
common_cc,-,HKUST,Persistence_naive,0,SQ Apartment37-48,0.1638649001464316,0.0
common_cc,-,HKUST,Persistence_naive,0,SQ Block P,0.4964354081851938,0.0
common_cc,-,HKUST,Persistence_naive,0,SQ Block R,0.4822405882959252,0.0
common_cc,-,HKUST,Persistence_naive,0,SQ Block S,0.3658591040277664,0.0
common_cc,-,HKUST,Persistence_naive,0,SQ1,0.42886995348240475,0.0
common_cc,-,HKUST,Persistence_naive,0,SQ2,0.4471318345857293,0.0
common_cc,-,HKUST,Persistence_naive,0,SQ3,0.44660400972225944,0.0
common_cc,-,HKUST,Persistence_naive,0,SQ4,0.46755995016682084,0.0
common_cc,-,HKUST,Persistence_naive,0,SQ567,0.5630962613088458,0.0
common_cc,-,HKUST,Persistence_naive,0,Shaw Auditorium,1.0379362020374856,0.0
common_cc,-,HKUST,Persistence_naive,0,UG Hall2 2F,0.17690721438087256,0.0
common_cc,-,HKUST,Persistence_naive,0,UG Hall2 RF,0.10135332258983916,0.0
common_cc,-,HKUST,Persistence_naive,0,UG Hall3,0.3272276990109486,0.0
common_cc,-,HKUST,Persistence_naive,0,UG Hall4,0.37778367156350207,0.0
common_cc,-,HKUST,Persistence_naive,0,UG Hall6,0.3579450970470192,0.0
common_cc,-,HKUST,Persistence_naive,0,UG Hall7,0.266750999060922,0.0
common_cc,-,HKUST,Persistence_naive,0,UG Hall8,0.3454989761200458,0.0
common_cc,-,HKUST,Persistence_naive,0,UG Hall9,0.3670129888709663,0.0
common_cc,-,HKUST,Persistence_naive,0,Wong Check She Research Centre,1.5401885589108886,0.0
common_cc,-,HKUST,Persistence_naive,0,Zone A1,0.3606075969804297,0.0
common_cc,-,HKUST,Persistence_naive,0,Zone A2,2.8642264950593552,0.0
common_cc,-,HKUST,Persistence_naive,0,Zone A4,0.6655067077047383,0.0
common_cc,-,HKUST,Persistence_naive,0,Zone A5,0.24237769905665826,0.0
common_cc,-,HKUST,Persistence_naive,0,Zone A6,0.8149492039385031,0.0
common_cc,-,HKUST,Persistence_naive,0,Zone A7,0.14599721401451465,0.0
common_cc,-,HKUST,Persistence_naive,0,Zone D,1.0006987551206408,0.0
common_cc,-,HKUST,Persistence_naive,0,Zone J1,0.2893676113527566,0.0
common_cc,-,HKUST,Persistence_naive,0,Zone J2,0.3813519811145603,0.0
common_cc,-,HKUST,Persistence_naive,0,Zone L2,0.12135631627566815,0.0
common_cc,-,PVDAQ,Persistence_naive,0,1239,1.620796046392019,0.0
common_cc,-,PVDAQ,Persistence_naive,0,1283,19.66974735050586,0.0
common_cc,-,PVDAQ,Persistence_naive,0,1367,0.8512643628123185,0.0
common_cc,-,PVDAQ,Persistence_naive,0,1422,0.45002100988733745,0.0
common_cc,-,PVDAQ,Persistence_naive,0,34,16.594971242519488,0.0
common_cc,-,PVDAQ,Persistence_naive,0,4,0.07991342685994106,0.0
common_cc,DKASC,DKASC,GBM,42,DKASC_1,2.2712289965910433,0.11441546903816702
common_cc,DKASC,HKUST,GBM,42,Indoor Sports Centre,0.4810731606440756,0.02454632700052828
common_cc,DKASC,HKUST,GBM,42,LSK North,0.7342674355316609,0.026130838535376122
common_cc,DKASC,HKUST,GBM,42,LSK South,0.32581816382165224,0.07195679520290166
common_cc,DKASC,HKUST,GBM,42,Library,1.6752153572407222,0.036475699802880235
common_cc,DKASC,HKUST,GBM,42,S H Ho Sports Hall,0.4742825392231599,0.03976126491384435
common_cc,DKASC,HKUST,GBM,42,SQ Apartment1-12,0.26761182071383566,0.051187883889903585
common_cc,DKASC,HKUST,GBM,42,SQ Apartment13-24,0.25746520153137314,0.035980727487943454
common_cc,DKASC,HKUST,GBM,42,SQ Apartment25-36,0.25785040482188193,0.03343785899396623
common_cc,DKASC,HKUST,GBM,42,SQ Apartment37-48,0.15916091760792664,0.02870646815944977
common_cc,DKASC,HKUST,GBM,42,SQ Block P,0.4875779899446095,0.017842035629497488
common_cc,DKASC,HKUST,GBM,42,SQ Block R,0.4599876806362065,0.046144825217539154
common_cc,DKASC,HKUST,GBM,42,SQ Block S,0.3602826039539576,0.015242206664851876
common_cc,DKASC,HKUST,GBM,42,SQ1,0.4049839308911523,0.05569525772859352
common_cc,DKASC,HKUST,GBM,42,SQ2,0.41417119012121517,0.07371571853087222
common_cc,DKASC,HKUST,GBM,42,SQ3,0.4361129547525802,0.023490731702573764
common_cc,DKASC,HKUST,GBM,42,SQ4,0.444626743737325,0.04904869722334748
common_cc,DKASC,HKUST,GBM,42,SQ567,0.5577250960002885,0.00953862718973253
common_cc,DKASC,HKUST,GBM,42,Shaw Auditorium,0.9864346847953127,0.049619154954875455
common_cc,DKASC,HKUST,GBM,42,UG Hall2 2F,0.18216021272274863,-0.029693522450512377
common_cc,DKASC,HKUST,GBM,42,UG Hall2 RF,0.09966823366935308,0.016625887316051413
common_cc,DKASC,HKUST,GBM,42,UG Hall3,0.3114399224594732,0.048247066489769175
common_cc,DKASC,HKUST,GBM,42,UG Hall4,0.363958195854938,0.03659627651810815
common_cc,DKASC,HKUST,GBM,42,UG Hall6,0.3480171023703041,0.027736082317146526
common_cc,DKASC,HKUST,GBM,42,UG Hall7,0.257185219569062,0.035860332390640126
common_cc,DKASC,HKUST,GBM,42,UG Hall8,0.32054876777915814,0.07221499936433551
common_cc,DKASC,HKUST,GBM,42,UG Hall9,0.33750278469051764,0.08040642995015035
common_cc,DKASC,HKUST,GBM,42,Wong Check She Research Centre,1.4601493233472864,0.05196716668263024
common_cc,DKASC,HKUST,GBM,42,Zone A1,0.3653398367219138,-0.013122961859677318
common_cc,DKASC,HKUST,GBM,42,Zone A2,2.828593773868262,0.012440608748141235
common_cc,DKASC,HKUST,GBM,42,Zone A4,0.6571905517597025,0.012495976146832954
common_cc,DKASC,HKUST,GBM,42,Zone A5,0.234143144221373,0.03397406142287185
common_cc,DKASC,HKUST,GBM,42,Zone A6,0.7903833294574713,0.03014405604951742
common_cc,DKASC,HKUST,GBM,42,Zone A7,0.1400665369662697,0.040621850822820105
common_cc,DKASC,HKUST,GBM,42,Zone D,0.9586076296713198,0.042061734596888334
common_cc,DKASC,HKUST,GBM,42,Zone J1,0.28279707468946363,0.02270653800049205
common_cc,DKASC,HKUST,GBM,42,Zone J2,0.3900127519869727,-0.022710701140452816
common_cc,DKASC,HKUST,GBM,42,Zone L2,0.11450320745922048,0.05647096934683171
common_cc,DKASC,PVDAQ,GBM,42,1239,1.3191168217388125,0.1861302816753293
common_cc,DKASC,PVDAQ,GBM,42,1283,18.646026856245797,0.05204543180030918
common_cc,DKASC,PVDAQ,GBM,42,1367,3.4335080616794724,-3.033421592249212
common_cc,DKASC,PVDAQ,GBM,42,1422,0.43901081523978763,0.024465956934557775
common_cc,DKASC,PVDAQ,GBM,42,34,14.317372191065234,0.13724633915716655
common_cc,DKASC,PVDAQ,GBM,42,4,0.07590796803050154,0.050122476119809245
common_cc,DKASC,DKASC,GBM,7,DKASC_1,2.180300676104265,0.14986971613094924
common_cc,DKASC,HKUST,GBM,7,Indoor Sports Centre,0.48675182322407606,0.01303191978651963
common_cc,DKASC,HKUST,GBM,7,LSK North,0.7331962386894006,0.02755158187772533
common_cc,DKASC,HKUST,GBM,7,LSK South,0.3312372617202736,0.05652132370568119
common_cc,DKASC,HKUST,GBM,7,Library,1.6709663662789176,0.03891956830332188
common_cc,DKASC,HKUST,GBM,7,S H Ho Sports Hall,0.4751790538404712,0.03794616949936136
common_cc,DKASC,HKUST,GBM,7,SQ Apartment1-12,0.2707056954350995,0.04021861574086738
common_cc,DKASC,HKUST,GBM,7,SQ Apartment13-24,0.2585724328161795,0.031834954422951145
common_cc,DKASC,HKUST,GBM,7,SQ Apartment25-36,0.25778208800188984,0.033693947216297704
common_cc,DKASC,HKUST,GBM,7,SQ Apartment37-48,0.15940637217583595,0.027208560018719408
common_cc,DKASC,HKUST,GBM,7,SQ Block P,0.49489194129411485,0.003109099120712222
common_cc,DKASC,HKUST,GBM,7,SQ Block R,0.4501210771095153,0.0666047445319966
common_cc,DKASC,HKUST,GBM,7,SQ Block S,0.3605323813904733,0.014559491833470495
common_cc,DKASC,HKUST,GBM,7,SQ1,0.41113597229010257,0.04135048643138339
common_cc,DKASC,HKUST,GBM,7,SQ2,0.41895364883143155,0.06301986030675955
common_cc,DKASC,HKUST,GBM,7,SQ3,0.4423384359668771,0.009551131791304512
common_cc,DKASC,HKUST,GBM,7,SQ4,0.45175210521326264,0.03380923654371615
common_cc,DKASC,HKUST,GBM,7,SQ567,0.5548277450903244,0.014684019033090911
common_cc,DKASC,HKUST,GBM,7,Shaw Auditorium,0.9860892142643051,0.049951998659844454
common_cc,DKASC,HKUST,GBM,7,UG Hall2 2F,0.1821398887802056,-0.02957863769234037
common_cc,DKASC,HKUST,GBM,7,UG Hall2 RF,0.1006930520440465,0.006514542680210678
common_cc,DKASC,HKUST,GBM,7,UG Hall3,0.31625596942669604,0.03352934246524608
common_cc,DKASC,HKUST,GBM,7,UG Hall4,0.3738608470229886,0.010383785313638372
common_cc,DKASC,HKUST,GBM,7,UG Hall6,0.35110817749935264,0.019100469887895932
common_cc,DKASC,HKUST,GBM,7,UG Hall7,0.2665384257833651,0.0007968977747232486
common_cc,DKASC,HKUST,GBM,7,UG Hall8,0.3282567660151318,0.04990524226307136
common_cc,DKASC,HKUST,GBM,7,UG Hall9,0.34105326796487184,0.07073243098549109
common_cc,DKASC,HKUST,GBM,7,Wong Check She Research Centre,1.4498748911752244,0.05863805909552244
common_cc,DKASC,HKUST,GBM,7,Zone A1,0.36304310626992586,-0.006753904548573164
common_cc,DKASC,HKUST,GBM,7,Zone A2,2.785308693492271,0.027552919332047843
common_cc,DKASC,HKUST,GBM,7,Zone A4,0.6577945916983866,0.01158833700256745
common_cc,DKASC,HKUST,GBM,7,Zone A5,0.23179471000497562,0.043663212799164186
common_cc,DKASC,HKUST,GBM,7,Zone A6,0.7919140017631825,0.028265813456833433
common_cc,DKASC,HKUST,GBM,7,Zone A7,0.1441398668533332,0.012721798657040262
common_cc,DKASC,HKUST,GBM,7,Zone D,0.9760406572840454,0.02464087989559116
common_cc,DKASC,HKUST,GBM,7,Zone J1,0.27868553012491026,0.03691526213977092
common_cc,DKASC,HKUST,GBM,7,Zone J2,0.4055342344297293,-0.06341189901385236
common_cc,DKASC,HKUST,GBM,7,Zone L2,0.1159356433855102,0.04466741457316947
common_cc,DKASC,PVDAQ,GBM,7,1239,1.40092283233471,0.135657545899596
common_cc,DKASC,PVDAQ,GBM,7,1283,19.906542979373178,-0.01203856992404262
common_cc,DKASC,PVDAQ,GBM,7,1367,6.453007184258998,-6.580497276944879
common_cc,DKASC,PVDAQ,GBM,7,1422,0.454134728026325,-0.009141169075677968
common_cc,DKASC,PVDAQ,GBM,7,34,14.226241296613566,0.1427378156484408
common_cc,DKASC,PVDAQ,GBM,7,4,0.07556572365712534,0.05440516536020468
common_cc,DKASC,DKASC,GBM,123,DKASC_1,2.224420222924853,0.1326668765071144
common_cc,DKASC,HKUST,GBM,123,Indoor Sports Centre,0.48305177505620295,0.020534366131259918
common_cc,DKASC,HKUST,GBM,123,LSK North,0.7287982133846312,0.03338474430383065
common_cc,DKASC,HKUST,GBM,123,LSK South,0.3311401979006435,0.05679779514970029
common_cc,DKASC,HKUST,GBM,123,Library,1.6858635589109094,0.030351232868954803
common_cc,DKASC,HKUST,GBM,123,S H Ho Sports Hall,0.4752923922445557,0.037716703059477164
common_cc,DKASC,HKUST,GBM,123,SQ Apartment1-12,0.26667271153579797,0.054517475849240604
common_cc,DKASC,HKUST,GBM,123,SQ Apartment13-24,0.25843143725605316,0.03236287989207065
common_cc,DKASC,HKUST,GBM,123,SQ Apartment25-36,0.26064956033342823,0.02294511710310909
common_cc,DKASC,HKUST,GBM,123,SQ Apartment37-48,0.1578216073760064,0.036879726927638856
common_cc,DKASC,HKUST,GBM,123,SQ Block P,0.48816923752659397,0.016651049708195198
common_cc,DKASC,HKUST,GBM,123,SQ Block R,0.452727209124356,0.061200529129784575
common_cc,DKASC,HKUST,GBM,123,SQ Block S,0.358083280959013,0.021253600042062337
common_cc,DKASC,HKUST,GBM,123,SQ1,0.4103115441822,0.04327281300429486
common_cc,DKASC,HKUST,GBM,123,SQ2,0.42234032831498064,0.0554456300203231
common_cc,DKASC,HKUST,GBM,123,SQ3,0.4389106125031529,0.01722644009374441
common_cc,DKASC,HKUST,GBM,123,SQ4,0.45178422197547713,0.03374054639563351
common_cc,DKASC,HKUST,GBM,123,SQ567,0.5540945430982078,0.0159861089997555
common_cc,DKASC,HKUST,GBM,123,Shaw Auditorium,1.0121651895143335,0.024829091106527645
common_cc,DKASC,HKUST,GBM,123,UG Hall2 2F,0.18026955244854773,-0.019006223570036118
common_cc,DKASC,HKUST,GBM,123,UG Hall2 RF,0.1004709909118577,0.008705503237936507
common_cc,DKASC,HKUST,GBM,123,UG Hall3,0.3160900640765712,0.03403634523617993
common_cc,DKASC,HKUST,GBM,123,UG Hall4,0.37576536015277817,0.005342505678900489
common_cc,DKASC,HKUST,GBM,123,UG Hall6,0.35382138631022714,0.011520511862886051
common_cc,DKASC,HKUST,GBM,123,UG Hall7,0.26771623165006975,-0.0036184778784176252
common_cc,DKASC,HKUST,GBM,123,UG Hall8,0.3222436041521737,0.06730952499202747
common_cc,DKASC,HKUST,GBM,123,UG Hall9,0.3437362535267528,0.06342210235070744
common_cc,DKASC,HKUST,GBM,123,Wong Check She Research Centre,1.458785532112843,0.0528526369885568
common_cc,DKASC,HKUST,GBM,123,Zone A1,0.36498673221831296,-0.012143768668636534
common_cc,DKASC,HKUST,GBM,123,Zone A2,2.8038547551219932,0.021077851224929334
common_cc,DKASC,HKUST,GBM,123,Zone A4,0.6574262454893383,0.012141819341338733
common_cc,DKASC,HKUST,GBM,123,Zone A5,0.23139758003911426,0.045301688481568125
common_cc,DKASC,HKUST,GBM,123,Zone A6,0.7852310563923726,0.03646625753176769
common_cc,DKASC,HKUST,GBM,123,Zone A7,0.14307565692778515,0.02001104683024324
common_cc,DKASC,HKUST,GBM,123,Zone D,0.9635430028839503,0.03712980759350604
common_cc,DKASC,HKUST,GBM,123,Zone J1,0.28034939480364407,0.03116525898304079
common_cc,DKASC,HKUST,GBM,123,Zone J2,0.3984423757675332,-0.044815276960207706
common_cc,DKASC,HKUST,GBM,123,Zone L2,0.11630942462763735,0.041587383359317553
common_cc,DKASC,PVDAQ,GBM,123,1239,1.3838834021628748,0.1461705467239538
common_cc,DKASC,PVDAQ,GBM,123,1283,19.421485732660553,0.012621495000489813
common_cc,DKASC,PVDAQ,GBM,123,1367,7.03580387787987,-7.2651220763379705
common_cc,DKASC,PVDAQ,GBM,123,1422,0.45642354059328416,-0.014227181765468222
common_cc,DKASC,PVDAQ,GBM,123,34,14.123989085271191,0.1488994540055103
common_cc,DKASC,PVDAQ,GBM,123,4,0.07536602899792916,0.05690405280681832
common_cc,HKUST,DKASC,GBM,42,DKASC_1,2.412890734923576,0.05917953981889801
common_cc,HKUST,HKUST,GBM,42,Indoor Sports Centre,0.48064906133169494,0.025406256977549724
common_cc,HKUST,HKUST,GBM,42,LSK North,0.7074316854286443,0.061723468938732706
common_cc,HKUST,HKUST,GBM,42,LSK South,0.31673061005935493,0.09784130212666164
common_cc,HKUST,HKUST,GBM,42,Library,1.6632010723595245,0.043385889219715534
common_cc,HKUST,HKUST,GBM,42,S H Ho Sports Hall,0.46951099575601807,0.049421795261011536
common_cc,HKUST,HKUST,GBM,42,SQ Apartment1-12,0.25923138291286435,0.08090055092627979
common_cc,HKUST,HKUST,GBM,42,SQ Apartment13-24,0.23930186423751892,0.10398916940656444
common_cc,HKUST,HKUST,GBM,42,SQ Apartment25-36,0.24649735930993605,0.0759951859236857
common_cc,HKUST,HKUST,GBM,42,SQ Apartment37-48,0.1537458582587642,0.06175234524675455
common_cc,HKUST,HKUST,GBM,42,SQ Block P,0.4698584651838524,0.05353555077486938
common_cc,HKUST,HKUST,GBM,42,SQ Block R,0.45204450143596014,0.06261622848186166
common_cc,HKUST,HKUST,GBM,42,SQ Block S,0.34953267967195056,0.04462489569366235
common_cc,HKUST,HKUST,GBM,42,SQ1,0.40004887620377855,0.06720236995993856
common_cc,HKUST,HKUST,GBM,42,SQ2,0.4052864229901642,0.09358629459773349
common_cc,HKUST,HKUST,GBM,42,SQ3,0.4327538377568022,0.031012197973929068
common_cc,HKUST,HKUST,GBM,42,SQ4,0.432186000698762,0.0756565002101608
common_cc,HKUST,HKUST,GBM,42,SQ567,0.5310698934665626,0.05687547590502906
common_cc,HKUST,HKUST,GBM,42,Shaw Auditorium,0.9482000323172834,0.08645634437265859
common_cc,HKUST,HKUST,GBM,42,UG Hall2 2F,0.1736647795885358,0.01832844863723848
common_cc,HKUST,HKUST,GBM,42,UG Hall2 RF,0.09859255919440647,0.02723900238184651
common_cc,HKUST,HKUST,GBM,42,UG Hall3,0.31092838649600846,0.049810308125519676
common_cc,HKUST,HKUST,GBM,42,UG Hall4,0.3520179377737804,0.06820234893447663
common_cc,HKUST,HKUST,GBM,42,UG Hall6,0.3380529196912191,0.055573263944406315
common_cc,HKUST,HKUST,GBM,42,UG Hall7,0.2546142448728696,0.04549843948393428
common_cc,HKUST,HKUST,GBM,42,UG Hall8,0.31687485106583907,0.08284865378084683
common_cc,HKUST,HKUST,GBM,42,UG Hall9,0.3355409832430173,0.08575174879986025
common_cc,HKUST,HKUST,GBM,42,Wong Check She Research Centre,1.4345767594318553,0.06857069471657062
common_cc,HKUST,HKUST,GBM,42,Zone A1,0.33824990064084554,0.06200007023367715
common_cc,HKUST,HKUST,GBM,42,Zone A2,2.7661718797878994,0.03423423931054159
common_cc,HKUST,HKUST,GBM,42,Zone A4,0.6555227130180017,0.01500209475148695
common_cc,HKUST,HKUST,GBM,42,Zone A5,0.22725786788263497,0.0623812802616337
common_cc,HKUST,HKUST,GBM,42,Zone A6,0.7591063231604326,0.06852314292497241
common_cc,HKUST,HKUST,GBM,42,Zone A7,0.13657817886551513,0.06451517046115085
common_cc,HKUST,HKUST,GBM,42,Zone D,0.9632799233315429,0.03739270344609036
common_cc,HKUST,HKUST,GBM,42,Zone J1,0.2736553880689666,0.0542984863106738
common_cc,HKUST,HKUST,GBM,42,Zone J2,0.3548070295350155,0.06960748309727693
common_cc,HKUST,HKUST,GBM,42,Zone L2,0.11260649753917656,0.07210023346964356
common_cc,HKUST,PVDAQ,GBM,42,1239,1.36982040994017,0.15484714255722332
common_cc,HKUST,PVDAQ,GBM,42,1283,18.01082947034913,0.08433854541167096
common_cc,HKUST,PVDAQ,GBM,42,1367,2.2125781078971007,-1.5991668447007643
common_cc,HKUST,PVDAQ,GBM,42,1422,0.42398633465092395,0.057852132821379354
common_cc,HKUST,PVDAQ,GBM,42,34,14.466307665675814,0.12827160383319203
common_cc,HKUST,PVDAQ,GBM,42,4,0.07278306570829264,0.08922607166059005
common_cc,HKUST,DKASC,GBM,7,DKASC_1,2.3579664878046604,0.08059528596173182
common_cc,HKUST,HKUST,GBM,7,Indoor Sports Centre,0.46994959854194224,0.04710114900480877
common_cc,HKUST,HKUST,GBM,7,LSK North,0.7095302125667021,0.058940163067662255
common_cc,HKUST,HKUST,GBM,7,LSK South,0.32056289685786427,0.08692561934067367
common_cc,HKUST,HKUST,GBM,7,Library,1.6972839173400858,0.02378264882636516
common_cc,HKUST,HKUST,GBM,7,S H Ho Sports Hall,0.47786134625944837,0.03251556460349381
common_cc,HKUST,HKUST,GBM,7,SQ Apartment1-12,0.26136576006076956,0.07333316136598644
common_cc,HKUST,HKUST,GBM,7,SQ Apartment13-24,0.24020002010398092,0.10062623119262637
common_cc,HKUST,HKUST,GBM,7,SQ Apartment25-36,0.2431264540282096,0.08863115377677
common_cc,HKUST,HKUST,GBM,7,SQ Apartment37-48,0.15268693252574864,0.06821453289077894
common_cc,HKUST,HKUST,GBM,7,SQ Block P,0.4575736100725522,0.07828168070184138
common_cc,HKUST,HKUST,GBM,7,SQ Block R,0.46011500668139876,0.045880795087594684
common_cc,HKUST,HKUST,GBM,7,SQ Block S,0.34623512089651387,0.05363808885773469
common_cc,HKUST,HKUST,GBM,7,SQ1,0.39346954606283174,0.08254345433183952
common_cc,HKUST,HKUST,GBM,7,SQ2,0.4017834529661096,0.1014206059866779
common_cc,HKUST,HKUST,GBM,7,SQ3,0.4216853466071614,0.05579587861424451
common_cc,HKUST,HKUST,GBM,7,SQ4,0.44553880837334375,0.04709800697348043
common_cc,HKUST,HKUST,GBM,7,SQ567,0.5370224974276157,0.046304274549124225
common_cc,HKUST,HKUST,GBM,7,Shaw Auditorium,0.9639616238334608,0.07127083346626839
common_cc,HKUST,HKUST,GBM,7,UG Hall2 2F,0.17537592980710048,0.008655862787343982
common_cc,HKUST,HKUST,GBM,7,UG Hall2 RF,0.09616788383078786,0.05116200067792498
common_cc,HKUST,HKUST,GBM,7,UG Hall3,0.30871997395810685,0.05655916387512938
common_cc,HKUST,HKUST,GBM,7,UG Hall4,0.3568671031611552,0.05536652316332569
common_cc,HKUST,HKUST,GBM,7,UG Hall6,0.33705257562744145,0.05836794969937342
common_cc,HKUST,HKUST,GBM,7,UG Hall7,0.2481415229390128,0.06976347300449681
common_cc,HKUST,HKUST,GBM,7,UG Hall8,0.3117749388336983,0.09760965912278108
common_cc,HKUST,HKUST,GBM,7,UG Hall9,0.33733760697489823,0.08085648954103164
common_cc,HKUST,HKUST,GBM,7,Wong Check She Research Centre,1.408692171594724,0.08537681088161664
common_cc,HKUST,HKUST,GBM,7,Zone A1,0.3525815012376429,0.022257145467798778
common_cc,HKUST,HKUST,GBM,7,Zone A2,2.6638726034344495,0.06995043582290228
common_cc,HKUST,HKUST,GBM,7,Zone A4,0.635115436468191,0.045666363516249975
common_cc,HKUST,HKUST,GBM,7,Zone A5,0.2250723560612119,0.07139824770512848
common_cc,HKUST,HKUST,GBM,7,Zone A6,0.7447174650516447,0.08617928399394836
common_cc,HKUST,HKUST,GBM,7,Zone A7,0.13459263625419404,0.07811503690191512
common_cc,HKUST,HKUST,GBM,7,Zone D,0.9415127287409752,0.05914469871857719
common_cc,HKUST,HKUST,GBM,7,Zone J1,0.27551711675447876,0.04786470238852425
common_cc,HKUST,HKUST,GBM,7,Zone J2,0.35887337189130775,0.05894451933239031
common_cc,HKUST,HKUST,GBM,7,Zone L2,0.10957907307261344,0.09704680864160375
common_cc,HKUST,PVDAQ,GBM,7,1239,1.3878257624007153,0.14373818625107604
common_cc,HKUST,PVDAQ,GBM,7,1283,18.17911097500465,0.07578319888602303
common_cc,HKUST,PVDAQ,GBM,7,1367,2.8943374962700026,-2.4000454179803694
common_cc,HKUST,PVDAQ,GBM,7,1422,0.42024558806666235,0.06616451491482445
common_cc,HKUST,PVDAQ,GBM,7,34,14.475241029897598,0.12773328628559089
common_cc,HKUST,PVDAQ,GBM,7,4,0.07247308378906912,0.09310504333536007
common_cc,HKUST,DKASC,GBM,123,DKASC_1,2.3844515199617304,0.07026839474313085
common_cc,HKUST,HKUST,GBM,123,Indoor Sports Centre,0.47036742462054804,0.0462539390243033
common_cc,HKUST,HKUST,GBM,123,LSK North,0.6714444651497403,0.10945382213229715
common_cc,HKUST,HKUST,GBM,123,LSK South,0.3287380612879219,0.06363991387715973
common_cc,HKUST,HKUST,GBM,123,Library,1.663609938501481,0.04315072395478403
common_cc,HKUST,HKUST,GBM,123,S H Ho Sports Hall,0.45287576509396577,0.08310170444543874
common_cc,HKUST,HKUST,GBM,123,SQ Apartment1-12,0.24939325396032924,0.11578143146855047
common_cc,HKUST,HKUST,GBM,123,SQ Apartment13-24,0.2407484521398654,0.09857275348336303
common_cc,HKUST,HKUST,GBM,123,SQ Apartment25-36,0.2390979305856852,0.10373222855068454
common_cc,HKUST,HKUST,GBM,123,SQ Apartment37-48,0.1520355537599389,0.07218962923677885
common_cc,HKUST,HKUST,GBM,123,SQ Block P,0.45655917783178096,0.08032511318881819
common_cc,HKUST,HKUST,GBM,123,SQ Block R,0.4433433071995673,0.08065949246165216
common_cc,HKUST,HKUST,GBM,123,SQ Block S,0.34262552819105857,0.0635041620692991
common_cc,HKUST,HKUST,GBM,123,SQ1,0.3952081698897802,0.0784894892246295
common_cc,HKUST,HKUST,GBM,123,SQ2,0.4086151153958758,0.08614175106887545
common_cc,HKUST,HKUST,GBM,123,SQ3,0.4279639642842344,0.0417372997829043
common_cc,HKUST,HKUST,GBM,123,SQ4,0.4361670538028934,0.06714197046331016
common_cc,HKUST,HKUST,GBM,123,SQ567,0.516468574705146,0.08280588916594778
common_cc,HKUST,HKUST,GBM,123,Shaw Auditorium,0.9830209774948787,0.05290809245771311
common_cc,HKUST,HKUST,GBM,123,UG Hall2 2F,0.17082923195389593,0.03435689408285536
common_cc,HKUST,HKUST,GBM,123,UG Hall2 RF,0.09621219803680106,0.050724775682425505
common_cc,HKUST,HKUST,GBM,123,UG Hall3,0.2989365061341405,0.08645720690002312
common_cc,HKUST,HKUST,GBM,123,UG Hall4,0.35107809232093407,0.07069013632072507
common_cc,HKUST,HKUST,GBM,123,UG Hall6,0.33656231972316425,0.05973758964785081
common_cc,HKUST,HKUST,GBM,123,UG Hall7,0.24842485986896135,0.06870129542710812
common_cc,HKUST,HKUST,GBM,123,UG Hall8,0.313523512503715,0.09254864942123797
common_cc,HKUST,HKUST,GBM,123,UG Hall9,0.33760091208615617,0.08013906231299828
common_cc,HKUST,HKUST,GBM,123,Wong Check She Research Centre,1.4199797351240517,0.07804812150522655
common_cc,HKUST,HKUST,GBM,123,Zone A1,0.3463584572158285,0.03951425284413668
common_cc,HKUST,HKUST,GBM,123,Zone A2,2.702938776197868,0.05631109101870979
common_cc,HKUST,HKUST,GBM,123,Zone A4,0.6402773656347823,0.037909974126285384
common_cc,HKUST,HKUST,GBM,123,Zone A5,0.22250993846528352,0.08197025002176639
common_cc,HKUST,HKUST,GBM,123,Zone A6,0.734679825980457,0.0984961732217402
common_cc,HKUST,HKUST,GBM,123,Zone A7,0.13458208271729552,0.07818732278058582
common_cc,HKUST,HKUST,GBM,123,Zone D,0.9177660332058557,0.08287481271502828
common_cc,HKUST,HKUST,GBM,123,Zone J1,0.26668907729210845,0.07837274515495685
common_cc,HKUST,HKUST,GBM,123,Zone J2,0.3652611889404588,0.04219406996935926
common_cc,HKUST,HKUST,GBM,123,Zone L2,0.11264378976468324,0.07179293817055121
common_cc,HKUST,PVDAQ,GBM,123,1239,1.3785898799734844,0.14943654814416585
common_cc,HKUST,PVDAQ,GBM,123,1283,17.90666240242595,0.08963434642359902
common_cc,HKUST,PVDAQ,GBM,123,1367,2.4082613008137725,-1.8290404321139553
common_cc,HKUST,PVDAQ,GBM,123,1422,0.41534379920613584,0.07705687050007515
common_cc,HKUST,PVDAQ,GBM,123,34,14.376630390490583,0.13367548636330817
common_cc,HKUST,PVDAQ,GBM,123,4,0.07068070691620948,0.11553402608942243
common_cc,PVDAQ,DKASC,GBM,42,DKASC_1,2.509937678754516,0.021339554347244993
common_cc,PVDAQ,HKUST,GBM,42,Indoor Sports Centre,0.461384242648817,0.0644687939910944
common_cc,PVDAQ,HKUST,GBM,42,LSK North,0.6997004255829713,0.07197754691989633
common_cc,PVDAQ,HKUST,GBM,42,LSK South,0.3200884937517479,0.08827688402709222
common_cc,PVDAQ,HKUST,GBM,42,Library,1.5980464030066786,0.08086053802915494
common_cc,PVDAQ,HKUST,GBM,42,S H Ho Sports Hall,0.45719927455697207,0.07434826970021235
common_cc,PVDAQ,HKUST,GBM,42,SQ Apartment1-12,0.25826429120072997,0.0843293543753022
common_cc,PVDAQ,HKUST,GBM,42,SQ Apartment13-24,0.24008191078527394,0.10106846439082007
common_cc,PVDAQ,HKUST,GBM,42,SQ Apartment25-36,0.24398320690008188,0.08541958274696304
common_cc,PVDAQ,HKUST,GBM,42,SQ Apartment37-48,0.1539079640379946,0.06076308043723444
common_cc,PVDAQ,HKUST,GBM,42,SQ Block P,0.46176958176647837,0.06982948002327727
common_cc,PVDAQ,HKUST,GBM,42,SQ Block R,0.44248901828447884,0.08243099186635228
common_cc,PVDAQ,HKUST,GBM,42,SQ Block S,0.3378240324134472,0.07662805518758253
common_cc,PVDAQ,HKUST,GBM,42,SQ1,0.38940305580611195,0.09202532692212029
common_cc,PVDAQ,HKUST,GBM,42,SQ2,0.3980437722083654,0.10978431545328082
common_cc,PVDAQ,HKUST,GBM,42,SQ3,0.44148378186166914,0.01146480494829083
common_cc,PVDAQ,HKUST,GBM,42,SQ4,0.4387874585777083,0.06153754524707855
common_cc,PVDAQ,HKUST,GBM,42,SQ567,0.516631029778855,0.08251738596521363
common_cc,PVDAQ,HKUST,GBM,42,Shaw Auditorium,0.9599201903918075,0.07516455394130328
common_cc,PVDAQ,HKUST,GBM,42,UG Hall2 2F,0.1723661013743961,0.025669461940086125
common_cc,PVDAQ,HKUST,GBM,42,UG Hall2 RF,0.09766683222494967,0.036372664168180635
common_cc,PVDAQ,HKUST,GBM,42,UG Hall3,0.3013950903832571,0.07894383240101921
common_cc,PVDAQ,HKUST,GBM,42,UG Hall4,0.34329923557554065,0.09128090646491827
common_cc,PVDAQ,HKUST,GBM,42,UG Hall6,0.33193082588471856,0.07267670762056411
common_cc,PVDAQ,HKUST,GBM,42,UG Hall7,0.24501516291065162,0.08148361665669424
common_cc,PVDAQ,HKUST,GBM,42,UG Hall8,0.3141225331561864,0.09081486526014337
common_cc,PVDAQ,HKUST,GBM,42,UG Hall9,0.34247379485385043,0.06686192249654488
common_cc,PVDAQ,HKUST,GBM,42,Wong Check She Research Centre,1.4474960557455927,0.06018256831542845
common_cc,PVDAQ,HKUST,GBM,42,Zone A1,0.3533500601139127,0.02012585682411705
common_cc,PVDAQ,HKUST,GBM,42,Zone A2,2.6926446246633233,0.05990513344248505
common_cc,PVDAQ,HKUST,GBM,42,Zone A4,0.6359921712492289,0.04434896915960751
common_cc,PVDAQ,HKUST,GBM,42,Zone A5,0.2274836140525378,0.06144989849350291
common_cc,PVDAQ,HKUST,GBM,42,Zone A6,0.7531265656253544,0.07586072606043548
common_cc,PVDAQ,HKUST,GBM,42,Zone A7,0.13425085753279517,0.08045603171956206
common_cc,PVDAQ,HKUST,GBM,42,Zone D,0.9217909140995473,0.07885274226366024
common_cc,PVDAQ,HKUST,GBM,42,Zone J1,0.2641406193430071,0.08717973615573826
common_cc,PVDAQ,HKUST,GBM,42,Zone J2,0.3795259581497264,0.004788287606365849
common_cc,PVDAQ,HKUST,GBM,42,Zone L2,0.11399434929002505,0.060664061101854294
common_cc,PVDAQ,PVDAQ,GBM,42,1239,1.417800853288904,0.12524413145934898
common_cc,PVDAQ,PVDAQ,GBM,42,1283,18.150036023408518,0.0772613547096862
common_cc,PVDAQ,PVDAQ,GBM,42,1367,0.8207990930995415,0.03578825925724072
common_cc,PVDAQ,PVDAQ,GBM,42,1422,0.40355635207145496,0.10324997454566598
common_cc,PVDAQ,PVDAQ,GBM,42,34,14.734646511993336,0.11210171463025165
common_cc,PVDAQ,PVDAQ,GBM,42,4,0.0681737832739012,0.14690451964492968
common_cc,PVDAQ,DKASC,GBM,7,DKASC_1,2.491503219434821,0.02852741256615221
common_cc,PVDAQ,HKUST,GBM,7,Indoor Sports Centre,0.45931759688826046,0.06865925266316975
common_cc,PVDAQ,HKUST,GBM,7,LSK North,0.7005544511875891,0.07084484082509834
common_cc,PVDAQ,HKUST,GBM,7,LSK South,0.31933729616513457,0.09041655545467442
common_cc,PVDAQ,HKUST,GBM,7,Library,1.634506176777685,0.05989017272285946
common_cc,PVDAQ,HKUST,GBM,7,S H Ho Sports Hall,0.46057574496051445,0.06751222282683622
common_cc,PVDAQ,HKUST,GBM,7,SQ Apartment1-12,0.2611117792497793,0.07423364502206797
common_cc,PVDAQ,HKUST,GBM,7,SQ Apartment13-24,0.24510254931118144,0.08226983735111282
common_cc,PVDAQ,HKUST,GBM,7,SQ Apartment25-36,0.24029257069342308,0.0992540742461977
common_cc,PVDAQ,HKUST,GBM,7,SQ Apartment37-48,0.15240162604401003,0.06995564084912542
common_cc,PVDAQ,HKUST,GBM,7,SQ Block P,0.45513243854730145,0.08319908080062732
common_cc,PVDAQ,HKUST,GBM,7,SQ Block R,0.44543544224436826,0.07632112879924491
common_cc,PVDAQ,HKUST,GBM,7,SQ Block S,0.3381853591790272,0.07564044339494946
common_cc,PVDAQ,HKUST,GBM,7,SQ1,0.3820727126160199,0.10911755530177247
common_cc,PVDAQ,HKUST,GBM,7,SQ2,0.4036211244123256,0.09731069632677047
common_cc,PVDAQ,HKUST,GBM,7,SQ3,0.4373424341334601,0.020737779749355756
common_cc,PVDAQ,HKUST,GBM,7,SQ4,0.44061103132290136,0.05763735502646106
common_cc,PVDAQ,HKUST,GBM,7,SQ567,0.5168752755567795,0.08208363103784688
common_cc,PVDAQ,HKUST,GBM,7,Shaw Auditorium,0.9611419770865243,0.07398742311927553
common_cc,PVDAQ,HKUST,GBM,7,UG Hall2 2F,0.1751189192377471,0.010108661477622571
common_cc,PVDAQ,HKUST,GBM,7,UG Hall2 RF,0.097906812189473,0.03400490790335153
common_cc,PVDAQ,HKUST,GBM,7,UG Hall3,0.29592798406029663,0.09565117820177171
common_cc,PVDAQ,HKUST,GBM,7,UG Hall4,0.34531671386823737,0.08594060606403764
common_cc,PVDAQ,HKUST,GBM,7,UG Hall6,0.32943230088406017,0.07965689821758792
common_cc,PVDAQ,HKUST,GBM,7,UG Hall7,0.23986529005890345,0.10078953442224314
common_cc,PVDAQ,HKUST,GBM,7,UG Hall8,0.3113256610727824,0.0989100327619774
common_cc,PVDAQ,HKUST,GBM,7,UG Hall9,0.34669204599770004,0.055368456946930156
common_cc,PVDAQ,HKUST,GBM,7,Wong Check She Research Centre,1.4557812476446501,0.05480323222627059
common_cc,PVDAQ,HKUST,GBM,7,Zone A1,0.34737277427324964,0.036701452820192104
common_cc,PVDAQ,HKUST,GBM,7,Zone A2,2.6853443122040406,0.06245392365578539
common_cc,PVDAQ,HKUST,GBM,7,Zone A4,0.6293311738127796,0.05435788020337806
common_cc,PVDAQ,HKUST,GBM,7,Zone A5,0.22401540767222466,0.07575899703603184
common_cc,PVDAQ,HKUST,GBM,7,Zone A6,0.754361719830445,0.07434510496513125
common_cc,PVDAQ,HKUST,GBM,7,Zone A7,0.1350525821623665,0.07496466234663934
common_cc,PVDAQ,HKUST,GBM,7,Zone D,0.9482195674613196,0.05244254316374608
common_cc,PVDAQ,HKUST,GBM,7,Zone J1,0.26952293474824535,0.0685794671758182
common_cc,PVDAQ,HKUST,GBM,7,Zone J2,0.3670703482909782,0.037450002965349394
common_cc,PVDAQ,HKUST,GBM,7,Zone L2,0.11129232150053442,0.08292930342638916
common_cc,PVDAQ,PVDAQ,GBM,7,1239,1.4323559992218713,0.11626388624875139
common_cc,PVDAQ,PVDAQ,GBM,7,1283,18.0012563201911,0.08482523952051946
common_cc,PVDAQ,PVDAQ,GBM,7,1367,0.8190634114527635,0.03782720476301027
common_cc,PVDAQ,PVDAQ,GBM,7,1422,0.4131769416403055,0.08187188472879492
common_cc,PVDAQ,PVDAQ,GBM,7,34,14.992970340094546,0.09653532259943365
common_cc,PVDAQ,PVDAQ,GBM,7,4,0.06842613591436823,0.14374669435345122
common_cc,PVDAQ,DKASC,GBM,123,DKASC_1,2.4993760216671324,0.025457694857052182
common_cc,PVDAQ,HKUST,GBM,123,Indoor Sports Centre,0.4519872827952607,0.08352265056440222
common_cc,PVDAQ,HKUST,GBM,123,LSK North,0.7116386931960164,0.05614365574203395
common_cc,PVDAQ,HKUST,GBM,123,LSK South,0.3222869210121652,0.08201500023172537
common_cc,PVDAQ,HKUST,GBM,123,Library,1.6103907280626586,0.07376052124053156
common_cc,PVDAQ,HKUST,GBM,123,S H Ho Sports Hall,0.447476300828512,0.09403353158985461
common_cc,PVDAQ,HKUST,GBM,123,SQ Apartment1-12,0.2580459456825419,0.0851034938456835
common_cc,PVDAQ,HKUST,GBM,123,SQ Apartment13-24,0.24087261322415462,0.09810786083985679
common_cc,PVDAQ,HKUST,GBM,123,SQ Apartment25-36,0.2421285520481951,0.09237182765697294
common_cc,PVDAQ,HKUST,GBM,123,SQ Apartment37-48,0.15389154520521542,0.06086327781180634
common_cc,PVDAQ,HKUST,GBM,123,SQ Block P,0.4657761286417901,0.0617588492639638
common_cc,PVDAQ,HKUST,GBM,123,SQ Block R,0.4549317255212098,0.05662912545626997
common_cc,PVDAQ,HKUST,GBM,123,SQ Block S,0.33605700017460594,0.08145787141844274
common_cc,PVDAQ,HKUST,GBM,123,SQ1,0.38485590321396007,0.10262796428393406
common_cc,PVDAQ,HKUST,GBM,123,SQ2,0.40374284502371655,0.09703847099639629
common_cc,PVDAQ,HKUST,GBM,123,SQ3,0.4531511529124945,-0.014659839696259613
common_cc,PVDAQ,HKUST,GBM,123,SQ4,0.4407302411208023,0.0573823935015092
common_cc,PVDAQ,HKUST,GBM,123,SQ567,0.5234605442593238,0.07038888334544058
common_cc,PVDAQ,HKUST,GBM,123,Shaw Auditorium,0.9539658723579142,0.08090124375152952
common_cc,PVDAQ,HKUST,GBM,123,UG Hall2 2F,0.17437698817628572,0.014302560884483673
common_cc,PVDAQ,HKUST,GBM,123,UG Hall2 RF,0.0950623122321398,0.06207009496036042
common_cc,PVDAQ,HKUST,GBM,123,UG Hall3,0.2955287282639265,0.09687129433979091
common_cc,PVDAQ,HKUST,GBM,123,UG Hall4,0.3436677827989732,0.09030535550500707
common_cc,PVDAQ,HKUST,GBM,123,UG Hall6,0.33541102641725185,0.06295398600419244
common_cc,PVDAQ,HKUST,GBM,123,UG Hall7,0.24164709710933682,0.09410987040334118
common_cc,PVDAQ,HKUST,GBM,123,UG Hall8,0.31350395231876615,0.0926052637277941
common_cc,PVDAQ,HKUST,GBM,123,UG Hall9,0.3474981656882372,0.05317202326479531
common_cc,PVDAQ,HKUST,GBM,123,Wong Check She Research Centre,1.435763057492219,0.06780046560825759
common_cc,PVDAQ,HKUST,GBM,123,Zone A1,0.35286945243603646,0.02145862873990756
common_cc,PVDAQ,HKUST,GBM,123,Zone A2,2.7227411240337647,0.049397410180251344
common_cc,PVDAQ,HKUST,GBM,123,Zone A4,0.6484135890125305,0.025684367256282203
common_cc,PVDAQ,HKUST,GBM,123,Zone A5,0.22608410003300827,0.0672240024023052
common_cc,PVDAQ,HKUST,GBM,123,Zone A6,0.7499484736176332,0.07976046851353813
common_cc,PVDAQ,HKUST,GBM,123,Zone A7,0.13617819211881232,0.06725485799151032
common_cc,PVDAQ,HKUST,GBM,123,Zone D,0.9439682309070748,0.05669091114910674
common_cc,PVDAQ,HKUST,GBM,123,Zone J1,0.268421618684776,0.07238540820121786
common_cc,PVDAQ,HKUST,GBM,123,Zone J2,0.38509221575356256,-0.009807828002022845
common_cc,PVDAQ,HKUST,GBM,123,Zone L2,0.11293433390892767,0.06939879707298824
common_cc,PVDAQ,PVDAQ,GBM,123,1239,1.4414283572488427,0.11066641576678238
common_cc,PVDAQ,PVDAQ,GBM,123,1283,18.031084131863047,0.08330880867164125
common_cc,PVDAQ,PVDAQ,GBM,123,1367,0.7297834081367789,0.14270649633940213
common_cc,PVDAQ,PVDAQ,GBM,123,1422,0.4127793324339254,0.08275541949193777
common_cc,PVDAQ,PVDAQ,GBM,123,34,15.164920239686792,0.08617375600920796
common_cc,PVDAQ,PVDAQ,GBM,123,4,0.06825466981269028,0.14589234256821826
common+irr_cc,-,DKASC,Persistence_naive,0,DKASC_1,2.564666519326238,0.0
common+irr_cc,-,HKUST,Persistence_naive,0,Indoor Sports Centre,0.493178890971623,0.0
common+irr_cc,-,HKUST,Persistence_naive,0,LSK North,0.7539692851834218,0.0
common+irr_cc,-,HKUST,Persistence_naive,0,LSK South,0.35108081405852987,0.0
common+irr_cc,-,HKUST,Persistence_naive,0,Library,1.7386332206650141,0.0
common+irr_cc,-,HKUST,Persistence_naive,0,S H Ho Sports Hall,0.4939214821203872,0.0
common+irr_cc,-,HKUST,Persistence_naive,0,SQ Apartment1-12,0.28204932901887925,0.0
common+irr_cc,-,HKUST,Persistence_naive,0,SQ Apartment13-24,0.26707474515573354,0.0
common+irr_cc,-,HKUST,Persistence_naive,0,SQ Apartment25-36,0.26677064399967254,0.0
common+irr_cc,-,HKUST,Persistence_naive,0,SQ Apartment37-48,0.1638649001464316,0.0
common+irr_cc,-,HKUST,Persistence_naive,0,SQ Block P,0.4964354081851938,0.0
common+irr_cc,-,HKUST,Persistence_naive,0,SQ Block R,0.4822405882959252,0.0
common+irr_cc,-,HKUST,Persistence_naive,0,SQ Block S,0.3658591040277664,0.0
common+irr_cc,-,HKUST,Persistence_naive,0,SQ1,0.42886995348240475,0.0
common+irr_cc,-,HKUST,Persistence_naive,0,SQ2,0.4471318345857293,0.0
common+irr_cc,-,HKUST,Persistence_naive,0,SQ3,0.44660400972225944,0.0
common+irr_cc,-,HKUST,Persistence_naive,0,SQ4,0.46755995016682084,0.0
common+irr_cc,-,HKUST,Persistence_naive,0,SQ567,0.5630962613088458,0.0
common+irr_cc,-,HKUST,Persistence_naive,0,Shaw Auditorium,1.0379362020374856,0.0
common+irr_cc,-,HKUST,Persistence_naive,0,UG Hall2 2F,0.17690721438087256,0.0
common+irr_cc,-,HKUST,Persistence_naive,0,UG Hall2 RF,0.10135332258983916,0.0
common+irr_cc,-,HKUST,Persistence_naive,0,UG Hall3,0.3272276990109486,0.0
common+irr_cc,-,HKUST,Persistence_naive,0,UG Hall4,0.37778367156350207,0.0
common+irr_cc,-,HKUST,Persistence_naive,0,UG Hall6,0.3579450970470192,0.0
common+irr_cc,-,HKUST,Persistence_naive,0,UG Hall7,0.266750999060922,0.0
common+irr_cc,-,HKUST,Persistence_naive,0,UG Hall8,0.3454989761200458,0.0
common+irr_cc,-,HKUST,Persistence_naive,0,UG Hall9,0.3670129888709663,0.0
common+irr_cc,-,HKUST,Persistence_naive,0,Wong Check She Research Centre,1.5401885589108886,0.0
common+irr_cc,-,HKUST,Persistence_naive,0,Zone A1,0.3606075969804297,0.0
common+irr_cc,-,HKUST,Persistence_naive,0,Zone A2,2.8642264950593552,0.0
common+irr_cc,-,HKUST,Persistence_naive,0,Zone A4,0.6655067077047383,0.0
common+irr_cc,-,HKUST,Persistence_naive,0,Zone A5,0.24237769905665826,0.0
common+irr_cc,-,HKUST,Persistence_naive,0,Zone A6,0.8149492039385031,0.0
common+irr_cc,-,HKUST,Persistence_naive,0,Zone A7,0.14599721401451465,0.0
common+irr_cc,-,HKUST,Persistence_naive,0,Zone D,1.0006987551206408,0.0
common+irr_cc,-,HKUST,Persistence_naive,0,Zone J1,0.2893676113527566,0.0
common+irr_cc,-,HKUST,Persistence_naive,0,Zone J2,0.3813519811145603,0.0
common+irr_cc,-,HKUST,Persistence_naive,0,Zone L2,0.12135631627566815,0.0
common+irr_cc,-,PVDAQ,Persistence_naive,0,1239,1.620796046392019,0.0
common+irr_cc,-,PVDAQ,Persistence_naive,0,1283,19.66974735050586,0.0
common+irr_cc,-,PVDAQ,Persistence_naive,0,1367,0.8512643628123185,0.0
common+irr_cc,-,PVDAQ,Persistence_naive,0,1422,0.45002100988733745,0.0
common+irr_cc,-,PVDAQ,Persistence_naive,0,34,16.594971242519488,0.0
common+irr_cc,-,PVDAQ,Persistence_naive,0,4,0.07991342685994106,0.0
common+irr_cc,DKASC,DKASC,GBM,42,DKASC_1,2.1360289011093574,0.16713191168787422
common+irr_cc,DKASC,HKUST,GBM,42,Indoor Sports Centre,0.4528812049647575,0.0817100787251338
common+irr_cc,DKASC,HKUST,GBM,42,LSK North,0.8571690620373315,-0.13687530630482359
common+irr_cc,DKASC,HKUST,GBM,42,LSK South,0.34603087788509146,0.01438397078741116
common+irr_cc,DKASC,HKUST,GBM,42,Library,1.8566955019389337,-0.06790522570871027
common+irr_cc,DKASC,HKUST,GBM,42,S H Ho Sports Hall,0.6772995404372981,-0.3712696551072763
common+irr_cc,DKASC,HKUST,GBM,42,SQ Apartment1-12,0.2921477811525644,-0.035803850939170934
common+irr_cc,DKASC,HKUST,GBM,42,SQ Apartment13-24,0.28321080839929696,-0.06041778017668564
common+irr_cc,DKASC,HKUST,GBM,42,SQ Apartment25-36,0.27974193941453246,-0.048623398813236074
common+irr_cc,DKASC,HKUST,GBM,42,SQ Apartment37-48,0.17704769600824968,-0.0804491739844091
common+irr_cc,DKASC,HKUST,GBM,42,SQ Block P,0.5256744050946145,-0.05889788767547599
common+irr_cc,DKASC,HKUST,GBM,42,SQ Block R,0.4941253736768999,-0.024644929666686632
common+irr_cc,DKASC,HKUST,GBM,42,SQ Block S,0.44011736726451856,-0.20296956511191921
common+irr_cc,DKASC,HKUST,GBM,42,SQ1,0.42115729957618686,0.017983665779314872
common+irr_cc,DKASC,HKUST,GBM,42,SQ2,0.45151247400099614,-0.009797198670332907
common+irr_cc,DKASC,HKUST,GBM,42,SQ3,0.4521364489770799,-0.012387795752799136
common+irr_cc,DKASC,HKUST,GBM,42,SQ4,0.47347076894716883,-0.012641841496986883
common+irr_cc,DKASC,HKUST,GBM,42,SQ567,0.6146548359097538,-0.09156262995081277
common+irr_cc,DKASC,HKUST,GBM,42,Shaw Auditorium,1.0254958889518617,0.011985624030844466
common+irr_cc,DKASC,HKUST,GBM,42,UG Hall2 2F,0.27246126211523275,-0.540136523367764
common+irr_cc,DKASC,HKUST,GBM,42,UG Hall2 RF,0.12326515632303277,-0.2161925546522765
common+irr_cc,DKASC,HKUST,GBM,42,UG Hall3,0.30965913016824814,0.05368912502151191
common+irr_cc,DKASC,HKUST,GBM,42,UG Hall4,0.33590327858279945,0.11085813425280056
common+irr_cc,DKASC,HKUST,GBM,42,UG Hall6,0.3412876997963099,0.046536179397705824
common+irr_cc,DKASC,HKUST,GBM,42,UG Hall7,0.329856438794251,-0.23657058438576506
common+irr_cc,DKASC,HKUST,GBM,42,UG Hall8,0.31522870939887015,0.08761318792058614
common+irr_cc,DKASC,HKUST,GBM,42,UG Hall9,0.3501793124901381,0.04586670469787246
common+irr_cc,DKASC,HKUST,GBM,42,Wong Check She Research Centre,1.5339370232500895,0.004058941760494372
common+irr_cc,DKASC,HKUST,GBM,42,Zone A1,0.4197636000352274,-0.16404535997062775
common+irr_cc,DKASC,HKUST,GBM,42,Zone A2,2.8502355959319012,0.004884704178104493
common+irr_cc,DKASC,HKUST,GBM,42,Zone A4,0.7865095945434043,-0.18182068706112986
common+irr_cc,DKASC,HKUST,GBM,42,Zone A5,0.23151251797628342,0.044827478446500924
common+irr_cc,DKASC,HKUST,GBM,42,Zone A6,0.8143545601846216,0.0007296697156187193
common+irr_cc,DKASC,HKUST,GBM,42,Zone A7,0.14973014909999996,-0.02556853643189516
common+irr_cc,DKASC,HKUST,GBM,42,Zone D,0.9379305763894129,0.06272434977063679
common+irr_cc,DKASC,HKUST,GBM,42,Zone J1,0.2858459778503408,0.012170102541720573
common+irr_cc,DKASC,HKUST,GBM,42,Zone J2,0.6108939342835134,-0.601916246765209
common+irr_cc,DKASC,HKUST,GBM,42,Zone L2,0.12916759540079437,-0.0643664818185683
common+irr_cc,DKASC,PVDAQ,GBM,42,1239,1.1371659372531024,0.2983904793052178
common+irr_cc,DKASC,PVDAQ,GBM,42,1283,19.885611109110375,-0.010974404233970114
common+irr_cc,DKASC,PVDAQ,GBM,42,1367,2.20444917620936,-1.5896176000209032
common+irr_cc,DKASC,PVDAQ,GBM,42,1422,0.33162941143857216,0.2630801581428489
common+irr_cc,DKASC,PVDAQ,GBM,42,34,17.16337232374208,-0.0342514050139624
common+irr_cc,DKASC,PVDAQ,GBM,42,4,0.061837300056894313,0.22619636665972997
common+irr_cc,DKASC,DKASC,GBM,7,DKASC_1,2.143605680640452,0.16417761744571868
common+irr_cc,DKASC,HKUST,GBM,7,Indoor Sports Centre,0.4597579505325201,0.06776636439824002
common+irr_cc,DKASC,HKUST,GBM,7,LSK North,0.8334171298725636,-0.10537278673071437
common+irr_cc,DKASC,HKUST,GBM,7,LSK South,0.34913010853995335,0.005556286303504243
common+irr_cc,DKASC,HKUST,GBM,7,Library,1.84681041232398,-0.062219673691492394
common+irr_cc,DKASC,HKUST,GBM,7,S H Ho Sports Hall,0.668764029929027,-0.35398854704202565
common+irr_cc,DKASC,HKUST,GBM,7,SQ Apartment1-12,0.2949639562047253,-0.04578854071651284
common+irr_cc,DKASC,HKUST,GBM,7,SQ Apartment13-24,0.287600760545142,-0.07685494702031659
common+irr_cc,DKASC,HKUST,GBM,7,SQ Apartment25-36,0.28362267349474324,-0.06317047948908261
common+irr_cc,DKASC,HKUST,GBM,7,SQ Apartment37-48,0.18055956180930963,-0.10188064465275648
common+irr_cc,DKASC,HKUST,GBM,7,SQ Block P,0.52934299394709,-0.06628774905922907
common+irr_cc,DKASC,HKUST,GBM,7,SQ Block R,0.49755653611153106,-0.031759972485367216
common+irr_cc,DKASC,HKUST,GBM,7,SQ Block S,0.4471057216773044,-0.22207078286446547
common+irr_cc,DKASC,HKUST,GBM,7,SQ1,0.41796364670716324,0.025430335435445595
common+irr_cc,DKASC,HKUST,GBM,7,SQ2,0.44824869314701055,-0.0024978283246506194
common+irr_cc,DKASC,HKUST,GBM,7,SQ3,0.45331835058503894,-0.015034215359945202
common+irr_cc,DKASC,HKUST,GBM,7,SQ4,0.4806329971303057,-0.02796015133208174
common+irr_cc,DKASC,HKUST,GBM,7,SQ567,0.6128225711162103,-0.08830871952831298
common+irr_cc,DKASC,HKUST,GBM,7,Shaw Auditorium,1.0316807902591196,0.006026778684553591
common+irr_cc,DKASC,HKUST,GBM,7,UG Hall2 2F,0.2796394614907537,-0.5807125925837238
common+irr_cc,DKASC,HKUST,GBM,7,UG Hall2 RF,0.1261895662900771,-0.24504617180382215
common+irr_cc,DKASC,HKUST,GBM,7,UG Hall3,0.3194940536836333,0.023633834637747264
common+irr_cc,DKASC,HKUST,GBM,7,UG Hall4,0.3381844794664397,0.1048197555314565
common+irr_cc,DKASC,HKUST,GBM,7,UG Hall6,0.3444134837784676,0.037803599993923465
common+irr_cc,DKASC,HKUST,GBM,7,UG Hall7,0.3454441279236021,-0.2950059386458297
common+irr_cc,DKASC,HKUST,GBM,7,UG Hall8,0.31605047712418616,0.08523469252084726
common+irr_cc,DKASC,HKUST,GBM,7,UG Hall9,0.3475551870622069,0.05301665717231696
common+irr_cc,DKASC,HKUST,GBM,7,Wong Check She Research Centre,1.5432652304717507,-0.0019975940887637655
common+irr_cc,DKASC,HKUST,GBM,7,Zone A1,0.40823874956240885,-0.13208582675690028
common+irr_cc,DKASC,HKUST,GBM,7,Zone A2,2.887138491787647,-0.007999366240000194
common+irr_cc,DKASC,HKUST,GBM,7,Zone A4,0.7996537275894514,-0.20157125139635612
common+irr_cc,DKASC,HKUST,GBM,7,Zone A5,0.2338403286636389,0.03522341546374552
common+irr_cc,DKASC,HKUST,GBM,7,Zone A6,0.8164238034766107,-0.0018094373624528703
common+irr_cc,DKASC,HKUST,GBM,7,Zone A7,0.15480290715544767,-0.060314117638283093
common+irr_cc,DKASC,HKUST,GBM,7,Zone D,0.9524455955848201,0.048219465937082595
common+irr_cc,DKASC,HKUST,GBM,7,Zone J1,0.2866000363016755,0.009564218462954632
common+irr_cc,DKASC,HKUST,GBM,7,Zone J2,0.6309797231897494,-0.6545861944800004
common+irr_cc,DKASC,HKUST,GBM,7,Zone L2,0.13364803684845628,-0.10128620371820407
common+irr_cc,DKASC,PVDAQ,GBM,7,1239,1.2405855090922016,0.23458259177407725
common+irr_cc,DKASC,PVDAQ,GBM,7,1283,20.045235263415886,-0.019089615449502384
common+irr_cc,DKASC,PVDAQ,GBM,7,1367,3.2532481769742674,-2.8216661228792956
common+irr_cc,DKASC,PVDAQ,GBM,7,1422,0.3253659198582057,0.2769983784986819
common+irr_cc,DKASC,PVDAQ,GBM,7,34,16.940303096743232,-0.020809427698129213
common+irr_cc,DKASC,PVDAQ,GBM,7,4,0.06347373926664437,0.20571871635675731
common+irr_cc,DKASC,DKASC,GBM,123,DKASC_1,2.097038295827682,0.1823349039630331
common+irr_cc,DKASC,HKUST,GBM,123,Indoor Sports Centre,0.45032884104022003,0.08688540956605639
common+irr_cc,DKASC,HKUST,GBM,123,LSK North,0.8358350306507576,-0.10857968232408832
common+irr_cc,DKASC,HKUST,GBM,123,LSK South,0.34523279108269755,0.016657198974300402
common+irr_cc,DKASC,HKUST,GBM,123,Library,1.875064682439974,-0.07847052509601515
common+irr_cc,DKASC,HKUST,GBM,123,S H Ho Sports Hall,0.695377781411819,-0.40787110215694033
common+irr_cc,DKASC,HKUST,GBM,123,SQ Apartment1-12,0.3006104534253857,-0.06580807857643967
common+irr_cc,DKASC,HKUST,GBM,123,SQ Apartment13-24,0.2884402922999908,-0.07999838072221621
common+irr_cc,DKASC,HKUST,GBM,123,SQ Apartment25-36,0.28766792982903105,-0.07833427815012572
common+irr_cc,DKASC,HKUST,GBM,123,SQ Apartment37-48,0.18272307244302008,-0.11508365903702744
common+irr_cc,DKASC,HKUST,GBM,123,SQ Block P,0.52992945445038,-0.06746909207711327
common+irr_cc,DKASC,HKUST,GBM,123,SQ Block R,0.5117525501332235,-0.06119759006927139
common+irr_cc,DKASC,HKUST,GBM,123,SQ Block S,0.4468259928912756,-0.22130620222960018
common+irr_cc,DKASC,HKUST,GBM,123,SQ1,0.41694925098426067,0.027795611236806184
common+irr_cc,DKASC,HKUST,GBM,123,SQ2,0.4531596820708053,-0.013481141396834095
common+irr_cc,DKASC,HKUST,GBM,123,SQ3,0.4554751689911998,-0.01986359073322519
common+irr_cc,DKASC,HKUST,GBM,123,SQ4,0.47901162070841113,-0.024492411160332406
common+irr_cc,DKASC,HKUST,GBM,123,SQ567,0.6207971792028951,-0.10247078849348212
common+irr_cc,DKASC,HKUST,GBM,123,Shaw Auditorium,1.0679089227379777,-0.02887722833219919
common+irr_cc,DKASC,HKUST,GBM,123,UG Hall2 2F,0.2787493546031198,-0.5756811025410533
common+irr_cc,DKASC,HKUST,GBM,123,UG Hall2 RF,0.12411636670719708,-0.224591000430014
common+irr_cc,DKASC,HKUST,GBM,123,UG Hall3,0.32189517321619204,0.016296070934319506
common+irr_cc,DKASC,HKUST,GBM,123,UG Hall4,0.3418005416252951,0.0952479756186565
common+irr_cc,DKASC,HKUST,GBM,123,UG Hall6,0.3426148488551686,0.04282849050964055
common+irr_cc,DKASC,HKUST,GBM,123,UG Hall7,0.3467717990630897,-0.2999831313992274
common+irr_cc,DKASC,HKUST,GBM,123,UG Hall8,0.3141130558564373,0.09084229602088112
common+irr_cc,DKASC,HKUST,GBM,123,UG Hall9,0.35437496825265097,0.03443480476588412
common+irr_cc,DKASC,HKUST,GBM,123,Wong Check She Research Centre,1.5212262134254835,0.01231170389865377
common+irr_cc,DKASC,HKUST,GBM,123,Zone A1,0.4064168723524378,-0.12703358375030072
common+irr_cc,DKASC,HKUST,GBM,123,Zone A2,2.9360970511334337,-0.025092483502282992
common+irr_cc,DKASC,HKUST,GBM,123,Zone A4,0.8102166220845005,-0.21744320936876993
common+irr_cc,DKASC,HKUST,GBM,123,Zone A5,0.23986894459536706,0.010350599378801562
common+irr_cc,DKASC,HKUST,GBM,123,Zone A6,0.8238501530649708,-0.010922090706329879
common+irr_cc,DKASC,HKUST,GBM,123,Zone A7,0.15214771815201092,-0.04212754454947887
common+irr_cc,DKASC,HKUST,GBM,123,Zone D,0.9509200646707642,0.04974393162293422
common+irr_cc,DKASC,HKUST,GBM,123,Zone J1,0.2879096022602431,0.005038604996936313
common+irr_cc,DKASC,HKUST,GBM,123,Zone J2,0.6309438993695192,-0.6544922554892407
common+irr_cc,DKASC,HKUST,GBM,123,Zone L2,0.1379897460565095,-0.13706274457983314
common+irr_cc,DKASC,PVDAQ,GBM,123,1239,1.3378680468779909,0.1745611362662448
common+irr_cc,DKASC,PVDAQ,GBM,123,1283,23.023407540018002,-0.17049838667225647
common+irr_cc,DKASC,PVDAQ,GBM,123,1367,2.099358161662279,-1.4661647466676961
common+irr_cc,DKASC,PVDAQ,GBM,123,1422,0.36545748005622275,0.187910181909696
common+irr_cc,DKASC,PVDAQ,GBM,123,34,17.970409077432688,-0.08288280918433077
common+irr_cc,DKASC,PVDAQ,GBM,123,4,0.07206930162772932,0.09815778825202448
common+irr_cc,HKUST,DKASC,GBM,42,DKASC_1,2.485378933300396,0.03091535894759201
common+irr_cc,HKUST,HKUST,GBM,42,Indoor Sports Centre,0.47526273319121903,0.036327908814399845
common+irr_cc,HKUST,HKUST,GBM,42,LSK North,0.7276607812149489,0.03489333648660853
common+irr_cc,HKUST,HKUST,GBM,42,LSK South,0.3132744381982201,0.10768567904142701
common+irr_cc,HKUST,HKUST,GBM,42,Library,1.6381737975708903,0.057780687668960384
common+irr_cc,HKUST,HKUST,GBM,42,S H Ho Sports Hall,0.47491669119993724,0.038477352389823416
common+irr_cc,HKUST,HKUST,GBM,42,SQ Apartment1-12,0.264127411051982,0.06354178550695155
common+irr_cc,HKUST,HKUST,GBM,42,SQ Apartment13-24,0.2450668091969954,0.08240365799433835
common+irr_cc,HKUST,HKUST,GBM,42,SQ Apartment25-36,0.2474200653735223,0.07253638682288444
common+irr_cc,HKUST,HKUST,GBM,42,SQ Apartment37-48,0.15997266242179475,0.023752723866787173
common+irr_cc,HKUST,HKUST,GBM,42,SQ Block P,0.47854472706602047,0.036038285795479186
common+irr_cc,HKUST,HKUST,GBM,42,SQ Block R,0.4552135018444077,0.056044818929534945
common+irr_cc,HKUST,HKUST,GBM,42,SQ Block S,0.3698242667014958,-0.010837949992433371
common+irr_cc,HKUST,HKUST,GBM,42,SQ1,0.3878209555986782,0.09571432447158057
common+irr_cc,HKUST,HKUST,GBM,42,SQ2,0.4005862180967531,0.10409819406417575
common+irr_cc,HKUST,HKUST,GBM,42,SQ3,0.4283556185569862,0.04086033884161011
common+irr_cc,HKUST,HKUST,GBM,42,SQ4,0.447704869547151,0.04246531511645879
common+irr_cc,HKUST,HKUST,GBM,42,SQ567,0.5451482109481377,0.031873858155247126
common+irr_cc,HKUST,HKUST,GBM,42,Shaw Auditorium,0.9674372784963984,0.06792221275517385
common+irr_cc,HKUST,HKUST,GBM,42,UG Hall2 2F,0.19563347028372383,-0.10585354570410321
common+irr_cc,HKUST,HKUST,GBM,42,UG Hall2 RF,0.10771175140572836,-0.06273527747699759
common+irr_cc,HKUST,HKUST,GBM,42,UG Hall3,0.3009842378599263,0.08019938785849623
common+irr_cc,HKUST,HKUST,GBM,42,UG Hall4,0.3456368452254157,0.08509321275068071
common+irr_cc,HKUST,HKUST,GBM,42,UG Hall6,0.3428438545323369,0.04218871173055527
common+irr_cc,HKUST,HKUST,GBM,42,UG Hall7,0.27533438322957715,-0.03217751460677709
common+irr_cc,HKUST,HKUST,GBM,42,UG Hall8,0.29863431638328786,0.13564341134392988
common+irr_cc,HKUST,HKUST,GBM,42,UG Hall9,0.32449494524546246,0.11584887978025282
common+irr_cc,HKUST,HKUST,GBM,42,Wong Check She Research Centre,1.4299754935466276,0.07155816391870606
common+irr_cc,HKUST,HKUST,GBM,42,Zone A1,0.3704376716325818,-0.027259754743008235
common+irr_cc,HKUST,HKUST,GBM,42,Zone A2,2.5949289729550644,0.09402102891262798
common+irr_cc,HKUST,HKUST,GBM,42,Zone A4,0.6711312442145618,-0.008451509871661544
common+irr_cc,HKUST,HKUST,GBM,42,Zone A5,0.22279689808805295,0.08078631427237082
common+irr_cc,HKUST,HKUST,GBM,42,Zone A6,0.7704416668072552,0.054613878897176615
common+irr_cc,HKUST,HKUST,GBM,42,Zone A7,0.14302961624863575,0.02032639996530261
common+irr_cc,HKUST,HKUST,GBM,42,Zone D,0.9036560578530077,0.09697493553485426
common+irr_cc,HKUST,HKUST,GBM,42,Zone J1,0.2657125381857346,0.0817474805021805
common+irr_cc,HKUST,HKUST,GBM,42,Zone J2,0.46798548299520787,-0.22717464749349858
common+irr_cc,HKUST,HKUST,GBM,42,Zone L2,0.11237113246431264,0.0740396881440033
common+irr_cc,HKUST,PVDAQ,GBM,42,1239,1.2265241550737105,0.24325817686684237
common+irr_cc,HKUST,PVDAQ,GBM,42,1283,15.12864423030974,0.23086738427676523
common+irr_cc,HKUST,PVDAQ,GBM,42,1367,3.2235461651628965,-2.7867744803897114
common+irr_cc,HKUST,PVDAQ,GBM,42,1422,0.3807280772195826,0.15397710583579716
common+irr_cc,HKUST,PVDAQ,GBM,42,34,14.380955573563282,0.13341485421098376
common+irr_cc,HKUST,PVDAQ,GBM,42,4,0.06707468604346561,0.1606581186785676
common+irr_cc,HKUST,DKASC,GBM,7,DKASC_1,2.374382866641862,0.07419430606298283
common+irr_cc,HKUST,HKUST,GBM,7,Indoor Sports Centre,0.4860272572609586,0.014501094514760782
common+irr_cc,HKUST,HKUST,GBM,7,LSK North,0.7391295469365246,0.019682152228902905
common+irr_cc,HKUST,HKUST,GBM,7,LSK South,0.3286275200785953,0.06395477360432267
common+irr_cc,HKUST,HKUST,GBM,7,Library,1.7661361736542907,-0.015818720511251216
common+irr_cc,HKUST,HKUST,GBM,7,S H Ho Sports Hall,0.511843910342468,-0.036285986479349885
common+irr_cc,HKUST,HKUST,GBM,7,SQ Apartment1-12,0.26244395320960767,0.06951045009562584
common+irr_cc,HKUST,HKUST,GBM,7,SQ Apartment13-24,0.24945592619265278,0.06596961817863789
common+irr_cc,HKUST,HKUST,GBM,7,SQ Apartment25-36,0.2494880488789899,0.064784471265526
common+irr_cc,HKUST,HKUST,GBM,7,SQ Apartment37-48,0.16963868916110597,-0.03523505649785186
common+irr_cc,HKUST,HKUST,GBM,7,SQ Block P,0.48281143546435307,0.027443595876139426
common+irr_cc,HKUST,HKUST,GBM,7,SQ Block R,0.4662173988344802,0.03322654677007908
common+irr_cc,HKUST,HKUST,GBM,7,SQ Block S,0.3857145676663097,-0.0542707928269468
common+irr_cc,HKUST,HKUST,GBM,7,SQ1,0.4094378746917186,0.045309956160133225
common+irr_cc,HKUST,HKUST,GBM,7,SQ2,0.41938099224272485,0.06206411665748601
common+irr_cc,HKUST,HKUST,GBM,7,SQ3,0.43178072506365595,0.03319111413223097
common+irr_cc,HKUST,HKUST,GBM,7,SQ4,0.4596869228159888,0.01683854091442827
common+irr_cc,HKUST,HKUST,GBM,7,SQ567,0.559579682492589,0.006245075767477015
common+irr_cc,HKUST,HKUST,GBM,7,Shaw Auditorium,1.0001621891869739,0.03639338600615405
common+irr_cc,HKUST,HKUST,GBM,7,UG Hall2 2F,0.20739815714063267,-0.17235556427967147
common+irr_cc,HKUST,HKUST,GBM,7,UG Hall2 RF,0.10807335137363282,-0.06630299443648768
common+irr_cc,HKUST,HKUST,GBM,7,UG Hall3,0.31767619038631223,0.029189181275014242
common+irr_cc,HKUST,HKUST,GBM,7,UG Hall4,0.3486688919062923,0.07706733204406324
common+irr_cc,HKUST,HKUST,GBM,7,UG Hall6,0.3512156295061101,0.018800278580223484
common+irr_cc,HKUST,HKUST,GBM,7,UG Hall7,0.27295090585494275,-0.023242300181994135
common+irr_cc,HKUST,HKUST,GBM,7,UG Hall8,0.29559107721887723,0.1444516549994862
common+irr_cc,HKUST,HKUST,GBM,7,UG Hall9,0.33909670255562063,0.07606348320593204
common+irr_cc,HKUST,HKUST,GBM,7,Wong Check She Research Centre,1.4681525813044292,0.046770882168737926
common+irr_cc,HKUST,HKUST,GBM,7,Zone A1,0.39208297749908777,-0.08728429678747518
common+irr_cc,HKUST,HKUST,GBM,7,Zone A2,2.578891005084425,0.099620435208989
common+irr_cc,HKUST,HKUST,GBM,7,Zone A4,0.696612427071173,-0.04673990360475111
common+irr_cc,HKUST,HKUST,GBM,7,Zone A5,0.22922513500925124,0.054264745059455666
common+irr_cc,HKUST,HKUST,GBM,7,Zone A6,0.7801394950399831,0.042713961471820494
common+irr_cc,HKUST,HKUST,GBM,7,Zone A7,0.14614719282098054,-0.0010272717015749055
common+irr_cc,HKUST,HKUST,GBM,7,Zone D,0.9632934762917654,0.0373791599494554
common+irr_cc,HKUST,HKUST,GBM,7,Zone J1,0.2740204270578241,0.0530369802729006
common+irr_cc,HKUST,HKUST,GBM,7,Zone J2,0.4597109774938585,-0.20547683048684284
common+irr_cc,HKUST,HKUST,GBM,7,Zone L2,0.10870937791573583,0.10421326839885314
common+irr_cc,HKUST,PVDAQ,GBM,7,1239,1.2028705869738043,0.2578519736326724
common+irr_cc,HKUST,PVDAQ,GBM,7,1283,15.967084713704569,0.18824149445448102
common+irr_cc,HKUST,PVDAQ,GBM,7,1367,2.3364003081457194,-1.7446236565418567
common+irr_cc,HKUST,PVDAQ,GBM,7,1422,0.38848602822060624,0.13673801959187748
common+irr_cc,HKUST,PVDAQ,GBM,7,34,14.212018238481937,0.1435948860177576
common+irr_cc,HKUST,PVDAQ,GBM,7,4,0.06815855995620335,0.14709501726586804
common+irr_cc,HKUST,DKASC,GBM,123,DKASC_1,2.4001472062447617,0.06414842313483193
common+irr_cc,HKUST,HKUST,GBM,123,Indoor Sports Centre,0.4768080432390005,0.03319454265443089
common+irr_cc,HKUST,HKUST,GBM,123,LSK North,0.7127449890031777,0.05467636015201227
common+irr_cc,HKUST,HKUST,GBM,123,LSK South,0.3335119381744805,0.050042255744343844
common+irr_cc,HKUST,HKUST,GBM,123,Library,1.6408679675033992,0.056231096932693125
common+irr_cc,HKUST,HKUST,GBM,123,S H Ho Sports Hall,0.4775816655835464,0.03308180981862652
common+irr_cc,HKUST,HKUST,GBM,123,SQ Apartment1-12,0.25765961974801643,0.0864732043706804
common+irr_cc,HKUST,HKUST,GBM,123,SQ Apartment13-24,0.26094884188224116,0.022937036858053816
common+irr_cc,HKUST,HKUST,GBM,123,SQ Apartment25-36,0.24824076456401575,0.06945996440177848
common+irr_cc,HKUST,HKUST,GBM,123,SQ Apartment37-48,0.16169755058059568,0.013226441806019174
common+irr_cc,HKUST,HKUST,GBM,123,SQ Block P,0.4734485800715271,0.04630376426552463
common+irr_cc,HKUST,HKUST,GBM,123,SQ Block R,0.452401716984264,0.06187548712376456
common+irr_cc,HKUST,HKUST,GBM,123,SQ Block S,0.36864859986201887,-0.007624508461161028
common+irr_cc,HKUST,HKUST,GBM,123,SQ1,0.3961905807012561,0.07619879293429999
common+irr_cc,HKUST,HKUST,GBM,123,SQ2,0.4234939721206655,0.052865532347891264
common+irr_cc,HKUST,HKUST,GBM,123,SQ3,0.4316939802959653,0.033385346082240974
common+irr_cc,HKUST,HKUST,GBM,123,SQ4,0.4524614507621207,0.032292114410811146
common+irr_cc,HKUST,HKUST,GBM,123,SQ567,0.5596425143732991,0.006133492926269635
common+irr_cc,HKUST,HKUST,GBM,123,Shaw Auditorium,0.9964132965850355,0.04000525790596754
common+irr_cc,HKUST,HKUST,GBM,123,UG Hall2 2F,0.18520090393337715,-0.046881579032999054
common+irr_cc,HKUST,HKUST,GBM,123,UG Hall2 RF,0.10257754838096653,-0.012078792878666755
common+irr_cc,HKUST,HKUST,GBM,123,UG Hall3,0.3043674160672786,0.06986047639843951
common+irr_cc,HKUST,HKUST,GBM,123,UG Hall4,0.35290276994198966,0.06586018267687399
common+irr_cc,HKUST,HKUST,GBM,123,UG Hall6,0.3552773451252052,0.007452963998731854
common+irr_cc,HKUST,HKUST,GBM,123,UG Hall7,0.2663281687226886,0.0015851124821346652
common+irr_cc,HKUST,HKUST,GBM,123,UG Hall8,0.30441282702210687,0.11891829480751714
common+irr_cc,HKUST,HKUST,GBM,123,UG Hall9,0.3314303951049983,0.09695186504278752
common+irr_cc,HKUST,HKUST,GBM,123,Wong Check She Research Centre,1.4525698128515838,0.05688832419405998
common+irr_cc,HKUST,HKUST,GBM,123,Zone A1,0.379419105329873,-0.0521661454360991
common+irr_cc,HKUST,HKUST,GBM,123,Zone A2,2.724645335089356,0.04873258459509733
common+irr_cc,HKUST,HKUST,GBM,123,Zone A4,0.6661898424148844,-0.0010264880913104513
common+irr_cc,HKUST,HKUST,GBM,123,Zone A5,0.22812055848052326,0.05882199819382827
common+irr_cc,HKUST,HKUST,GBM,123,Zone A6,0.7408819212872085,0.09088576600031106
common+irr_cc,HKUST,HKUST,GBM,123,Zone A7,0.14458482005582793,0.009674115826253438
common+irr_cc,HKUST,HKUST,GBM,123,Zone D,0.9535536942302083,0.04711214104063599
common+irr_cc,HKUST,HKUST,GBM,123,Zone J1,0.26410462005052643,0.08730414293475675
common+irr_cc,HKUST,HKUST,GBM,123,Zone J2,0.4531731275711632,-0.18833295751262247
common+irr_cc,HKUST,HKUST,GBM,123,Zone L2,0.1078177512584713,0.11156044804823495
common+irr_cc,HKUST,PVDAQ,GBM,123,1239,1.2521562417889551,0.22744367215336958
common+irr_cc,HKUST,PVDAQ,GBM,123,1283,15.152419207267336,0.22965867648128946
common+irr_cc,HKUST,PVDAQ,GBM,123,1367,2.802963964771248,-2.292706810268795
common+irr_cc,HKUST,PVDAQ,GBM,123,1422,0.3811801812134751,0.1529724771985571
common+irr_cc,HKUST,PVDAQ,GBM,123,34,14.205347053755814,0.14399688639658503
common+irr_cc,HKUST,PVDAQ,GBM,123,4,0.06542271152065317,0.18133017076948532
common+irr_cc,PVDAQ,DKASC,GBM,42,DKASC_1,3.8864010912957805,-0.5153631327930988
common+irr_cc,PVDAQ,HKUST,GBM,42,Indoor Sports Centre,0.517069788265579,-0.04844265991775942
common+irr_cc,PVDAQ,HKUST,GBM,42,LSK North,0.9903453502246627,-0.3135088785264464
common+irr_cc,PVDAQ,HKUST,GBM,42,LSK South,0.3608306489011734,-0.027770913283282184
common+irr_cc,PVDAQ,HKUST,GBM,42,Library,3.6362783801480787,-1.0914580124939919
common+irr_cc,PVDAQ,HKUST,GBM,42,S H Ho Sports Hall,0.9912302888966651,-1.0068580225370014
common+irr_cc,PVDAQ,HKUST,GBM,42,SQ Apartment1-12,0.3564734367849856,-0.26386911830279414
common+irr_cc,PVDAQ,HKUST,GBM,42,SQ Apartment13-24,0.31902142195798,-0.19450239209984432
common+irr_cc,PVDAQ,HKUST,GBM,42,SQ Apartment25-36,0.3818177881092399,-0.43125863620027305
common+irr_cc,PVDAQ,HKUST,GBM,42,SQ Apartment37-48,0.31054070012617646,-0.8951020007864627
common+irr_cc,PVDAQ,HKUST,GBM,42,SQ Block P,0.6468218887853832,-0.3029326235007155
common+irr_cc,PVDAQ,HKUST,GBM,42,SQ Block R,0.7036991632125186,-0.459228402360641
common+irr_cc,PVDAQ,HKUST,GBM,42,SQ Block S,0.728593680756771,-0.9914597524993538
common+irr_cc,PVDAQ,HKUST,GBM,42,SQ1,0.5393463405232758,-0.2575988038887027
common+irr_cc,PVDAQ,HKUST,GBM,42,SQ2,0.6286184529442133,-0.4058906217819014
common+irr_cc,PVDAQ,HKUST,GBM,42,SQ3,0.5621000266111005,-0.2586094490299524
common+irr_cc,PVDAQ,HKUST,GBM,42,SQ4,0.591581493413866,-0.26525270866932793
common+irr_cc,PVDAQ,HKUST,GBM,42,SQ567,0.7155158369588273,-0.27068120696752884
common+irr_cc,PVDAQ,HKUST,GBM,42,Shaw Auditorium,1.0598509837412853,-0.021113804163281458
common+irr_cc,PVDAQ,HKUST,GBM,42,UG Hall2 2F,0.5601422028933688,-2.1663050308813867
common+irr_cc,PVDAQ,HKUST,GBM,42,UG Hall2 RF,0.29559001323813094,-1.9164314073287652
common+irr_cc,PVDAQ,HKUST,GBM,42,UG Hall3,0.3958356993090424,-0.20966440342752968
common+irr_cc,PVDAQ,HKUST,GBM,42,UG Hall4,0.412224732013393,-0.09116609065540748
common+irr_cc,PVDAQ,HKUST,GBM,42,UG Hall6,0.40774320003747094,-0.13912218214825933
common+irr_cc,PVDAQ,HKUST,GBM,42,UG Hall7,0.7113115593749011,-1.6665750526859249
common+irr_cc,PVDAQ,HKUST,GBM,42,UG Hall8,0.34961694442690855,-0.011918901621960076
common+irr_cc,PVDAQ,HKUST,GBM,42,UG Hall9,0.38121285831752966,-0.03869037303079148
common+irr_cc,PVDAQ,HKUST,GBM,42,Wong Check She Research Centre,1.831804515416739,-0.18933782803325094
common+irr_cc,PVDAQ,HKUST,GBM,42,Zone A1,0.8850618374683886,-1.454362705831794
common+irr_cc,PVDAQ,HKUST,GBM,42,Zone A2,3.2227324409339846,-0.12516675845748715
common+irr_cc,PVDAQ,HKUST,GBM,42,Zone A4,1.1469285020156539,-0.7233913478818088
common+irr_cc,PVDAQ,HKUST,GBM,42,Zone A5,0.3460871928820028,-0.4278838120379276
common+irr_cc,PVDAQ,HKUST,GBM,42,Zone A6,1.0371798074547176,-0.2726925830986937
common+irr_cc,PVDAQ,HKUST,GBM,42,Zone A7,0.2579009176819827,-0.7664783497604473
common+irr_cc,PVDAQ,HKUST,GBM,42,Zone D,1.4347535128413444,-0.4337516715191432
common+irr_cc,PVDAQ,HKUST,GBM,42,Zone J1,0.36714971416486175,-0.2688003071542242
common+irr_cc,PVDAQ,HKUST,GBM,42,Zone J2,1.442665795315751,-2.7830295022968974
common+irr_cc,PVDAQ,HKUST,GBM,42,Zone L2,0.14514458895061383,-0.19602006228426716
common+irr_cc,PVDAQ,PVDAQ,GBM,42,1239,0.8616281849233933,0.4683919751399783
common+irr_cc,PVDAQ,PVDAQ,GBM,42,1283,10.070446287816432,0.4880236076058474
common+irr_cc,PVDAQ,PVDAQ,GBM,42,1367,1.5145043206467037,-0.7791233684953545
common+irr_cc,PVDAQ,PVDAQ,GBM,42,1422,0.2190997552106407,0.5131343861801203
common+irr_cc,PVDAQ,PVDAQ,GBM,42,34,19.37488438380875,-0.16751539370954704
common+irr_cc,PVDAQ,PVDAQ,GBM,42,4,0.030203542869862245,0.6220467065841391
common+irr_cc,PVDAQ,DKASC,GBM,7,DKASC_1,3.9528440356940084,-0.5412701830460429
common+irr_cc,PVDAQ,HKUST,GBM,7,Indoor Sports Centre,0.49679716300405147,-0.007336631998380971
common+irr_cc,PVDAQ,HKUST,GBM,7,LSK North,0.9625426400129306,-0.27663375541719604
common+irr_cc,PVDAQ,HKUST,GBM,7,LSK South,0.35290265036887875,-0.0051892220747931095
common+irr_cc,PVDAQ,HKUST,GBM,7,Library,3.5752226903156687,-1.0563409509385613
common+irr_cc,PVDAQ,HKUST,GBM,7,S H Ho Sports Hall,0.9720861857958816,-0.9680986168545462
common+irr_cc,PVDAQ,HKUST,GBM,7,SQ Apartment1-12,0.3468957383280946,-0.2299115886387193
common+irr_cc,PVDAQ,HKUST,GBM,7,SQ Apartment13-24,0.30928327155140656,-0.15804012607429763
common+irr_cc,PVDAQ,HKUST,GBM,7,SQ Apartment25-36,0.366250799691549,-0.3729051825207521
common+irr_cc,PVDAQ,HKUST,GBM,7,SQ Apartment37-48,0.30227559387832303,-0.8446634612305992
common+irr_cc,PVDAQ,HKUST,GBM,7,SQ Block P,0.6391780184599964,-0.2875351111570046
common+irr_cc,PVDAQ,HKUST,GBM,7,SQ Block R,0.6702292609957616,-0.38982341441670165
common+irr_cc,PVDAQ,HKUST,GBM,7,SQ Block S,0.7202373240773368,-0.9686193842060995
common+irr_cc,PVDAQ,HKUST,GBM,7,SQ1,0.5229116314479475,-0.21927784215687884
common+irr_cc,PVDAQ,HKUST,GBM,7,SQ2,0.6097345263664775,-0.3636571570248419
common+irr_cc,PVDAQ,HKUST,GBM,7,SQ3,0.549557551127797,-0.2305253404902563
common+irr_cc,PVDAQ,HKUST,GBM,7,SQ4,0.5770599933750441,-0.23419465924990956
common+irr_cc,PVDAQ,HKUST,GBM,7,SQ567,0.6902696226675451,-0.22584657383996998
common+irr_cc,PVDAQ,HKUST,GBM,7,Shaw Auditorium,1.0322739101508456,0.005455337115638614
common+irr_cc,PVDAQ,HKUST,GBM,7,UG Hall2 2F,0.5474455587013894,-2.0945349550457903
common+irr_cc,PVDAQ,HKUST,GBM,7,UG Hall2 RF,0.2913173322156032,-1.874275107827676
common+irr_cc,PVDAQ,HKUST,GBM,7,UG Hall3,0.38214055564855953,-0.167812372863257
common+irr_cc,PVDAQ,HKUST,GBM,7,UG Hall4,0.4056440324666135,-0.07374686361591043
common+irr_cc,PVDAQ,HKUST,GBM,7,UG Hall6,0.4009455565432571,-0.12013143873455379
common+irr_cc,PVDAQ,HKUST,GBM,7,UG Hall7,0.7018698805804381,-1.6311799507830198
common+irr_cc,PVDAQ,HKUST,GBM,7,UG Hall8,0.338831090190715,0.019299292878407925
common+irr_cc,PVDAQ,HKUST,GBM,7,UG Hall9,0.37105166927605204,-0.011004189299975042
common+irr_cc,PVDAQ,HKUST,GBM,7,Wong Check She Research Centre,1.7857314643191085,-0.15942392506918135
common+irr_cc,PVDAQ,HKUST,GBM,7,Zone A1,0.8622030168991699,-1.3909729692853974
common+irr_cc,PVDAQ,HKUST,GBM,7,Zone A2,3.1385865018558596,-0.09578851647024478
common+irr_cc,PVDAQ,HKUST,GBM,7,Zone A4,1.0861301695129528,-0.6320348945225511
common+irr_cc,PVDAQ,HKUST,GBM,7,Zone A5,0.3303077388178603,-0.3627810648563319
common+irr_cc,PVDAQ,HKUST,GBM,7,Zone A6,1.0078430953948698,-0.23669437374028357
common+irr_cc,PVDAQ,HKUST,GBM,7,Zone A7,0.24771610171522435,-0.6967180051161597
common+irr_cc,PVDAQ,HKUST,GBM,7,Zone D,1.442234260512822,-0.4412271956298688
common+irr_cc,PVDAQ,HKUST,GBM,7,Zone J1,0.35039554624361224,-0.2109010562915381
common+irr_cc,PVDAQ,HKUST,GBM,7,Zone J2,1.3767329218473465,-2.6101370650380025
common+irr_cc,PVDAQ,HKUST,GBM,7,Zone L2,0.13422576835766442,-0.10604682538947996
common+irr_cc,PVDAQ,PVDAQ,GBM,7,1239,0.896991272721896,0.4465736298415536
common+irr_cc,PVDAQ,PVDAQ,GBM,7,1283,10.040216081421287,0.48956049599879203
common+irr_cc,PVDAQ,PVDAQ,GBM,7,1367,1.439812155324542,-0.691380748711059
common+irr_cc,PVDAQ,PVDAQ,GBM,7,1422,0.21745669735010384,0.5167854554067508
common+irr_cc,PVDAQ,PVDAQ,GBM,7,34,19.319141612551366,-0.16415637787018467
common+irr_cc,PVDAQ,PVDAQ,GBM,7,4,0.029247450854094182,0.634010803899647
common+irr_cc,PVDAQ,DKASC,GBM,123,DKASC_1,3.6943193427916206,-0.4404677235628096
common+irr_cc,PVDAQ,HKUST,GBM,123,Indoor Sports Centre,0.4969351458401723,-0.0076164145248573956
common+irr_cc,PVDAQ,HKUST,GBM,123,LSK North,0.9411029278086923,-0.24819796549105533
common+irr_cc,PVDAQ,HKUST,GBM,123,LSK South,0.3448500471564795,0.017747386506320573
common+irr_cc,PVDAQ,HKUST,GBM,123,Library,3.472788224658606,-0.9974242890230123
common+irr_cc,PVDAQ,HKUST,GBM,123,S H Ho Sports Hall,0.9202387346888182,-0.8631275779669803
common+irr_cc,PVDAQ,HKUST,GBM,123,SQ Apartment1-12,0.3398706697896241,-0.2050043549895293
common+irr_cc,PVDAQ,HKUST,GBM,123,SQ Apartment13-24,0.30288521873877483,-0.13408408781653947
common+irr_cc,PVDAQ,HKUST,GBM,123,SQ Apartment25-36,0.36662999601544355,-0.3743266144977091
common+irr_cc,PVDAQ,HKUST,GBM,123,SQ Apartment37-48,0.2983783248043865,-0.8208800331111306
common+irr_cc,PVDAQ,HKUST,GBM,123,SQ Block P,0.625455567039755,-0.25989314365431126
common+irr_cc,PVDAQ,HKUST,GBM,123,SQ Block R,0.6590703905639664,-0.36668378100005605
common+irr_cc,PVDAQ,HKUST,GBM,123,SQ Block S,0.6983589121680013,-0.9088192817391261
common+irr_cc,PVDAQ,HKUST,GBM,123,SQ1,0.5209645878856777,-0.21473790284320127
common+irr_cc,PVDAQ,HKUST,GBM,123,SQ2,0.5999570645477915,-0.3417900899488757
common+irr_cc,PVDAQ,HKUST,GBM,123,SQ3,0.5434809820516883,-0.21691917273576666
common+irr_cc,PVDAQ,HKUST,GBM,123,SQ4,0.5736102677996854,-0.22681651325145968
common+irr_cc,PVDAQ,HKUST,GBM,123,SQ567,0.6877192578183876,-0.22131739290875663
common+irr_cc,PVDAQ,HKUST,GBM,123,Shaw Auditorium,1.0047004505687256,0.0320209964769681
common+irr_cc,PVDAQ,HKUST,GBM,123,UG Hall2 2F,0.5309043313327785,-2.0010326780103354
common+irr_cc,PVDAQ,HKUST,GBM,123,UG Hall2 RF,0.28185307089781286,-1.7808962123365961
common+irr_cc,PVDAQ,HKUST,GBM,123,UG Hall3,0.37771523303963,-0.15428869310660698
common+irr_cc,PVDAQ,HKUST,GBM,123,UG Hall4,0.3915572913483686,-0.03645901297920795
common+irr_cc,PVDAQ,HKUST,GBM,123,UG Hall6,0.3969722744097059,-0.10903118295139014
common+irr_cc,PVDAQ,HKUST,GBM,123,UG Hall7,0.6773466663894109,-1.5392469710477634
common+irr_cc,PVDAQ,HKUST,GBM,123,UG Hall8,0.3353462107779031,0.02938580442743499
common+irr_cc,PVDAQ,HKUST,GBM,123,UG Hall9,0.36958535678745585,-0.007008928824025817
common+irr_cc,PVDAQ,HKUST,GBM,123,Wong Check She Research Centre,1.7425789944057672,-0.13140627121525617
common+irr_cc,PVDAQ,HKUST,GBM,123,Zone A1,0.8220402380636377,-1.2795976705622487
common+irr_cc,PVDAQ,HKUST,GBM,123,Zone A2,3.0791931089042217,-0.07505223983357223
common+irr_cc,PVDAQ,HKUST,GBM,123,Zone A4,1.0906591254018723,-0.6388401691148078
common+irr_cc,PVDAQ,HKUST,GBM,123,Zone A5,0.32440842720810603,-0.3384417315236261
common+irr_cc,PVDAQ,HKUST,GBM,123,Zone A6,0.9819581320597626,-0.2049317028768607
common+irr_cc,PVDAQ,HKUST,GBM,123,Zone A7,0.24213580383201827,-0.658496057383299
common+irr_cc,PVDAQ,HKUST,GBM,123,Zone D,1.435553480105006,-0.43455108019190125
common+irr_cc,PVDAQ,HKUST,GBM,123,Zone J1,0.34549515416766513,-0.19396622362993354
common+irr_cc,PVDAQ,HKUST,GBM,123,Zone J2,1.3577396729513511,-2.5603320296990364
common+irr_cc,PVDAQ,HKUST,GBM,123,Zone L2,0.13591328848543754,-0.11995232433310155
common+irr_cc,PVDAQ,PVDAQ,GBM,123,1239,0.8882683356012948,0.4519555143420858
common+irr_cc,PVDAQ,PVDAQ,GBM,123,1283,9.360518802986192,0.5241159616244151
common+irr_cc,PVDAQ,PVDAQ,GBM,123,1367,1.3928514723701482,-0.6362149447541661
common+irr_cc,PVDAQ,PVDAQ,GBM,123,1422,0.2211853151625261,0.5085000248812834
common+irr_cc,PVDAQ,PVDAQ,GBM,123,34,19.358850089854485,-0.16654917968483196
common+irr_cc,PVDAQ,PVDAQ,GBM,123,4,0.03074218810049322,0.6153063470250999
